id,entri,entri_normal,kandidat_reduplikasi,sudah_bertagar_reduplikasi,tagar_kode
9,aba-aba,aba-aba,R,0,
16,abah-abah,abah-abah,R,0,
25,abal-abal,abal-abal,R,0,
94,abong-abong,abong-abong,R,0,
116,abrit-abritan,abrit-abritan,R.purwa,0,
155,abu-abu (1),abu-abu,R,0,
156,abu-abu (2),abu-abu,R,0,
163,abuk-abuk,abuk-abuk,R,0,
168,abun-abun,abun-abun,R,0,
177,acak-acak,acak-acak,R,0,
181,acan-acan,acan-acan,R,0,
183,acang-acang (1),acang-acang,R,0,
184,acang-acang (2),acang-acang,R,0,
201,aci-aci (1),aci-aci,R,0,
202,aci-aci (2),aci-aci,R,0,
203,aci-aci kalimat (3),aci-aci kalimat,R.purwa,0,
236,adang-adang,adang-adang,R,0,
237,adap-adapan,adap-adapan,R.purwa,0,
277,adi-adi,adi-adi,R,0,
479,agak-agih,agak-agih,R.salin,0,
510,agar-agar,agar-agar,R,0,
614,agut-agut,agut-agut,R,0,
674,ajar-ajar,ajar-ajar,R,0,
681,aji-aji (1),aji-aji,R,0,
682,aji-aji (2),aji-aji,R,0,
949,alai-belai,alai-belai,R.wasana,0,
968,alan-alan,alan-alan,R,0,
973,alang-alang,alang-alang,R,0,
983,alap-alap,alap-alap,R,0,
1079,ali-ali,ali-ali,R,0,
1090,alih-alih,alih-alih,R,0,
1261,alu-alu,alu-alu,R,0,
1262,alu-aluan,alu-aluan,R.purwa,0,
1273,alun-alun,alun-alun,R,0,
1279,alur-alur,alur-alur,R,0,
1333,ambah-ambah,ambah-ambah,R,0,
1336,ambai-ambai (1),ambai-ambai,R,0,
1337,ambai-ambai (2),ambai-ambai,R,0,
1393,ambreng-ambrengan,ambreng-ambrengan,R.purwa,0,
1399,ambu-ambu (1),ambu-ambu,R,0,
1400,ambu-ambu (2),ambu-ambu,R,0,
1408,ambung-ambung,ambung-ambung,R,0,
1500,amin-amin,amin-amin,R,0,
1513,amit-amit,amit-amit,R,0,
1543,ampai-ampai,ampai-ampai,R,0,
1601,amung-amung,amung-amung,R,0,
1628,anai-anai,anai-anai,R,0,
1681,ancak-ancak,ancak-ancak,R,0,
1685,ancar-ancar,ancar-ancar,R,0,
1708,andang-andang,andang-andang,R,0,
1715,andeng-andeng,andeng-andeng,R,0,
1794,anggel-anggel,anggel-anggel,R,0,
1814,anggup-anggip,anggup-anggip,R.salin,0,
1830,angkal-angkal,angkal-angkal,R,0,
1854,angkul-angkul (1),angkul-angkul,R,0,
1855,angkul-angkul (2),angkul-angkul,R,0,
1862,angkut-angkut,angkut-angkut,R,0,
1888,ani-ani,ani-ani,R,0,
1902,aning-aning,aning-aning,R,0,
1919,anjang-anjang (1),anjang-anjang,R,0,
1920,anjang-anjang (2),anjang-anjang,R,0,
1921,anjang-anjang (3),anjang-anjang,R,0,
1922,anjang-anjang (4),anjang-anjang,R,0,
1923,anjang-anjang (5),anjang-anjang,R,0,
1932,anjing-anjing (1),anjing-anjing,R,0,
1933,anjing-anjing (2),anjing-anjing,R,0,
1984,antah-berantah,antah-berantah,R.wasana,0,
1997,antar-antar,antar-antar,R,0,
2051,anter-anter,anter-anter,R,0,
2179,antung-antung,antung-antung,R,0,
2199,anyak-anyik,anyak-anyik,R.salin,0,
2203,anyang-anyang,anyang-anyang,R,0,
2204,anyang-anyangan,anyang-anyangan,R.purwa,0,
2257,api-api (1),api-api,R,0,
2258,api-api (2),api-api,R,0,
2269,apit-apit (1),apit-apit,R,0,
2270,apit-apit (2),apit-apit,R,0,
2330,aprit-apritan,aprit-apritan,R.purwa,0,
2335,apu-apu,apu-apu,R,0,
2393,arem-arem,arem-arem,R,0,
2424,ari-ari,ari-ari,R,0,
2525,aru-aru,aru-aru,R,0,
2554,asah-asah,asah-asah,R,0,
2718,asuh-asuh,asuh-asuh,R,0,
2761,ati-ati,ati-ati,R,0,
2804,au-au,au-au,R,0,
2946,awar-awar (1),awar-awar,R,0,
2947,awar-awar (2),awar-awar,R,0,
2953,awat-awat,awat-awat,R,0,
2957,awik-awik,awik-awik,R,0,
2964,awuk-awuk,awuk-awuk,R,0,
2974,ayak-ayak,ayak-ayak,R,0,
2977,ayam-ayam,ayam-ayam,R,0,
2982,ayang-ayang,ayang-ayang,R,0,
2994,ayong-ayong,ayong-ayong,R,0,
3249,bajang-bajang,bajang-bajang,R,0,
3256,baji-baji,baji-baji,R,0,
3354,balai-balai,balai-balai,R,0,
3391,bale-bale,bale-bale,R,0,
3603,bangun-bangun,bangun-bangun,R,0,
3698,barat-barat,barat-barat,R,0,
3699,barau-barau (1),barau-barau,R,0,
3700,barau-barau (2),barau-barau,R,0,
3714,bare-bare,bare-bare,R,0,
3726,bari-bari,bari-bari,R,0,
3764,baru-baru laut,baru-baru laut,R.purwa,0,
3774,barung-barung,barung-barung,R,0,
3787,basa-basi,basa-basi,R.purwa,0,
3875,batir-batir,batir-batir,R,0,
3935,bayan-bayan,bayan-bayan,R,0,
4045,begana-begini,begana-begini,R.purwa,0,
4179,belat-belit,belat-belit,R.salin,0,
4302,belu-belai,belu-belai,R.purwa,0,
4407,bengang-bengut,bengang-bengut,R.purwa,0,
4413,benggal-benggil,benggal-benggil,R.salin,0,
4427,bengkal-bengkil,bengkal-bengkil,R.salin,0,
4429,bengkang-bengkok,bengkang-bengkok,R.purwa,0,
4430,bengkang-bengkong,bengkang-bengkong,R.salin,0,
4431,bengkang-bengkung,bengkang-bengkung,R.salin,0,
4577,berang-berang,berang-berang,R,0,
4593,beras-beras (1),beras-beras,R,0,
4594,beras-beras (2),beras-beras,R,0,
4602,berek-berek,berek-berek,R,0,
4609,bereng-bereng,bereng-bereng,R,0,
4631,beri-beri,beri-beri,R,0,
4639,bering-bering,bering-bering,R,0,
4763,betak-betak (1),betak-betak,R,0,
4764,betak-betak (2),betak-betak,R,0,
4779,beti-beti,beti-beti,R,0,
4784,betik-betik,betik-betik,R,0,
4812,bia-bia,bia-bia,R,0,
4832,biar-biar,biar-biar,R,0,
4955,bilang-bilang,bilang-bilang,R,0,
5007,bincang-bincut,bincang-bincut,R.purwa,0,
5045,binti-binti,binti-binti,R,0,
5131,biri-biri,biri-biri,R,0,
5312,bolak-balik,bolak-balik,R.salin,0,
5313,bolang-baling,bolang-baling,R.salin,0,
5375,bongkar-bangkir,bongkar-bangkir,R.salin,0,
5435,boro-boro,boro-boro,R,0,
5475,boyo-boyo,boyo-boyo,R,0,
5576,buaya-buaya,buaya-buaya,R,0,
5627,bugi-bugi,bugi-bugi,R,0,
5670,bula-bula,bula-bula,R,0,
5678,bulang-baling,bulang-baling,R.salin,0,
5693,buli-buli,buli-buli,R,0,
5699,bulu-bulu,bulu-bulu,R,0,
5708,bulus-bulus,bulus-bulus,R,0,
6295,cawe-cawe,cawe-cawe,R,0,
6303,cebar-cebur,cebar-cebur,R.salin,0,
6421,celam-celum,celam-celum,R.salin,0,
6426,celangak-celinguk,celangak-celinguk,R.salin,0,
6433,celas-celus,celas-celus,R.salin,0,
6450,celengkak-celengkok,celengkak-celengkok,R.salin,0,
6465,celingak-celinguk,celingak-celinguk,R.salin,0,
6482,celum-celam,celum-celam,R.salin,0,
6561,cenal-cenil,cenal-cenil,R.salin,0,
6597,cengar-cengir,cengar-cengir,R.salin,0,
6609,cengir-cengir,cengir-cengir,R,0,
6611,cengis-cengis,cengis-cengis,R,0,
6682,ceplas-ceplos,ceplas-ceplos,R.salin,0,
6707,cerai-berai,cerai-berai,R.wasana,0,
6800,cetar-ceter,cetar-ceter,R.salin,0,
6959,cobak-cabik,cobak-cabik,R.salin,0,
5910,cobar-cabir,cobar-cabir,R.salin,0,
6961,cobar-cabir,cobar-cabir,R.salin,0,
6997,cola-cala,cola-cala,R.salin,0,
7000,colang-caling,colang-caling,R.salin,0,
7017,comat-comot,comat-comot,R.salin,0,
7028,compang-camping,compang-camping,R.salin,0,
7042,conggah-canggih,conggah-canggih,R.salin,0,
7045,congkah-cangkih,congkah-cangkih,R.salin,0,
7046,congkah-mangkih,congkah-mangkih,R.salin,0,
7072,copak-capik,copak-capik,R.salin,0,
7080,corak-carik,corak-carik,R.salin,0,
7098,crat-crit,crat-crit,R.salin,0,
7109,cuang-caing,cuang-caing,R.salin,0,
7117,cubung-cubung,cubung-cubung,R,0,
7123,cuci-maki,cuci-maki,R.salin,0,
7184,cumi-cumi,cumi-cumi,R,0,
7313,dag-dag,dag-dag,R,0,
7314,dag-dig-dug,dag-dig-dug,R.tri,0,
7353,dakak-dakak,dakak-dakak,R,0,
7384,dalam-dalam,dalam-dalam,R,0,
7392,dali-dali,dali-dali,R,0,
7514,dari-dari,dari-dari,R,0,
7528,daru-daru,daru-daru,R,0,
7581,dawai-dawai,dawai-dawai,R,0,
7720,deg-degan,deg-degan,R.purwa,0,
7761,dekak-dekak,dekak-dekak,R,0,
8157,desas-desus,desas-desus,R.salin,0,
8275,dewi-dewi,dewi-dewi,R,0,
8474,dinul-Islam,dinul-islam,R.salin,0,
8678,dog-dog,dog-dog,R,0,
8701,doko-doko,doko-doko,R,0,
8703,dokok-dokok,dokok-dokok,R,0,
8718,dolak-dalik,dolak-dalik,R.salin,0,
8937,dulang-dulang,dulang-dulang,R,0,
9128,eigen-nilai,eigen-nilai,R.salin,0,
9674,empon-empon,empon-empon,R,0,
9778,engap-engap,engap-engap,R,0,
9797,engket-engket,engket-engket,R,0,
9995,erek-erek,erek-erek,R,0,
10548,flip-plop,flip-plop,R.salin,0,
10816,gaba-gaba (1),gaba-gaba,R,0,
10817,gaba-gaba (2),gaba-gaba,R,0,
10822,gabai-gabai,gabai-gabai,R,0,
10846,gada-gada,gada-gada,R,0,
10857,gadi-gadi,gadi-gadi,R,0,
10861,gading-gading (1),gading-gading,R,0,
10862,gading-gading (2),gading-gading,R,0,
10866,gado-gado,gado-gado,R,0,
10935,gala-gala,gala-gala,R,0,
10980,gali-gali,gali-gali,R,0,
10982,galing-galing,galing-galing,R,0,
10989,galu-galu,galu-galu,R,0,
11035,gami-gami,gami-gami,R,0,
11052,gana-gini,gana-gini,R.salin,0,
11168,gapah-gopoh,gapah-gopoh,R.salin,0,
11181,gara-gara,gara-gara,R,0,
11300,gayang-gayang,gayang-gayang,R,0,
11359,gedana-gedini,gedana-gedini,R.purwa,0,
11362,gedebak-gedebuk,gedebak-gedebuk,R.salin,0,
11363,gedebar-gedebur,gedebar-gedebur,R.salin,0,
11563,geli-geli (1),geli-geli,R,0,
11564,geli-geli (2),geli-geli,R,0,
11692,gembrang-gembreng,gembrang-gembreng,R.salin,0,
11753,gempul-gempul,gempul-gempul,R,0,
11973,gerbas-gerbus,gerbas-gerbus,R.salin,0,
12003,gereng-gereng,gereng-gereng,R,0,
12122,gerot-gerot,gerot-gerot,R,0,
12177,getak-getuk,getak-getuk,R.salin,0,
12185,geteh-geteh,geteh-geteh,R,0,
12188,getem-getem,getem-getem,R,0,
12243,gili-gili,gili-gili,R,0,
12286,girap-girap,girap-girap,R,0,
12297,giring-giring,giring-giring,R,0,
12433,golak-galik,golak-galik,R.salin,0,
12465,gondas-gandes,gondas-gandes,R.salin,0,
12492,gono-gini,gono-gini,R.salin,0,
12497,gonta-ganti,gonta-ganti,R.salin,0,
12516,goro-goro,goro-goro,R,0,
12519,gorong-gorong,gorong-gorong,R,0,
12582,grasah-grusuh,grasah-grusuh,R.salin,0,
12601,gresek-gresek,gresek-gresek,R,0,
12652,gudu-gudu,gudu-gudu,R,0,
12678,gulang-gulang,gulang-gulang,R,0,
12717,guna-ganah,guna-ganah,R.salin,0,
12716,guna-guna,guna-guna,R,0,
12886,halai-balai,halai-balai,R.wasana,0,
13096,hawar-hawar,hawar-hawar,R,0,
13440,hila-hila,hila-hila,R,0,
13580,hiru-biru,hiru-biru,R.wasana,0,
13582,hiru-hara,hiru-hara,R.salin,0,
13628,hogo-hogo,hogo-hogo,R,0,
13742,hubar-habir,hubar-habir,R.salin,0,
13743,hubaya-hubaya,hubaya-hubaya,R,0,
13767,hula-hula (1),hula-hula,R,0,
13768,hula-hula (2),hula-hula,R,0,
13807,hura-hura,hura-hura,R,0,
13812,huru-hara,huru-hara,R.salin,0,
13840,ibar-ibar,ibar-ibar,R,0,
13858,icak-icak,icak-icak,R,0,
13951,ikan-ikan,ikan-ikan,R,0,
14007,ilam-ilam,ilam-ilam,R,0,
14013,ilat-ilatan,ilat-ilatan,R.purwa,0,
14018,iles-iles,iles-iles,R,0,
14072,iming-iming,iming-iming,R,0,
14141,imut-imut,imut-imut,R,0,
14157,incang-incut,incang-incut,R.purwa,0,
14282,inggang-inggung,inggang-inggung,R.salin,0,
14302,ining-ining,ining-ining,R,0,
14601,irah-irahan,irah-irahan,R.purwa,0,
14602,ira-ira,ira-ira,R,0,
14610,ireng-ireng,ireng-ireng,R,0,
14635,isak-isak,isak-isak,R,0,
14659,islamo-demokrasi,islamo-demokrasi,R.salin,0,
14906,jali-jali,jali-jali,R,0,
15065,jari-jari,jari-jari,R,0,
15079,jarum-jarum merah,jarum-jarum merah,R.purwa,0,
15136,jebar-jebur,jebar-jebur,R.salin,0,
15248,jelur-jelir,jelur-jelir,R.salin,0,
15369,jentik-jentik,jentik-jentik,R,0,
15377,jeprat-jepret,jeprat-jepret,R.salin,0,
15631,jolong-jolong,jolong-jolong,R,0,
15648,jongkar-jangkir,jongkar-jangkir,R.salin,0,
15649,jongkat-jangkit,jongkat-jangkit,R.salin,0,
15739,julo-julo,julo-julo,R,0,
15745,julung-julung,julung-julung,R,0,
15781,jungkang-jungkit,jungkang-jungkit,R.purwa,0,
15807,jurai-jurai,jurai-jurai,R,0,
15851,kabali-balil,kabali-balil,R.salin,0,
15853,kabang-kabang,kabang-kabang,R,0,
15872,kabir-kabiran,kabir-kabiran,R.purwa,0,
15882,kabu-kabu,kabu-kabu,R,0,
15911,kacang-kacangan,kacang-kacangan,R.purwa,0,
16045,kait-kait,kait-kait,R,0,
16082,kakek-kakek,kakek-kakek,R,0,
16118,kala-kala,kala-kala,R,0,
16153,kalau-kalau,kalau-kalau,R,0,
16237,kalo-kalo,kalo-kalo,R,0,
16274,kamanu-manu,kamanu-manu,R.wasana,0,
16333,kamit-kamit,kamit-kamit,R,0,
16387,kanak-kanak,kanak-kanak,R,0,
16406,kanda-kanda oa,kanda-kanda oa,R.purwa,0,
16696,kareseh-peseh,kareseh-peseh,R.wasana,0,
16807,kasak-kisik,kasak-kisik,R.salin,0,
16808,kasak-kusuk,kasak-kusuk,R.salin,0,
16914,katang-katang (1),katang-katang,R,0,
16915,katang-katang (2),katang-katang,R,0,
16971,kato-kato,kato-kato,R,0,
16989,kau-kaudara,kau-kaudara,R.purwa,0,
17017,kawa-kawa,kawa-kawa,R,0,
17060,kayu-kayu,kayu-kayu,R,0,
17162,kecuh-kecah,kecuh-kecah,R.salin,0,
17325,kelak-kelik,kelak-kelik,R.salin,0,
17326,kelak-keluk,kelak-keluk,R.salin,0,
17353,kelap-kelip,kelap-kelip,R.salin,0,
17365,kelasah-kelusuh,kelasah-kelusuh,R.salin,0,
17394,kelek-kelekan,kelek-kelekan,R.purwa,0,
17402,kelemak-kelemek,kelemak-kelemek,R.salin,0,
17507,kelik-kelik,kelik-kelik,R,0,
17535,kelip-kelip (1),kelip-kelip,R,0,
17536,kelip-kelip (2),kelip-kelip,R,0,
17579,kelontang-kelantung,kelontang-kelantung,R.salin,0,
17634,kelusuh-kelasah,kelusuh-kelasah,R.salin,0,
17636,kelut-melut,kelut-melut,R.wasana,0,
17644,kemak-kemik,kemak-kemik,R.salin,0,
17809,kencrang-kencring,kencrang-kencring,R.salin,0,
17868,kentung-kentung,kentung-kentung,R,0,
17880,kenyat-kenyut,kenyat-kenyut,R.salin,0,
17908,kepang-kepot,kepang-kepot,R.purwa,0,
17962,kepuh-kepuh,kepuh-kepuh,R,0,
18030,kerang-keroh,kerang-keroh,R.purwa,0,
18022,kerang-kerung,kerang-kerung,R.salin,0,
18071,kercap-kercip,kercap-kercip,R.salin,0,
18072,kercap-kercup,kercap-kercup,R.salin,0,
18151,keriang-keriut,keriang-keriut,R.purwa,0,
18154,keriat-keriut,keriat-keriut,R.salin,0,
18229,kernyat-kernyut,kernyat-kernyut,R.salin,0,
18241,kerobak-kerabit,kerobak-kerabit,R.purwa,0,
18239,kerobak-kerobek,kerobak-kerobek,R.salin,0,
18240,kerobak-kerobik,kerobak-kerobik,R.salin,0,
18267,kerong-kerong,kerong-kerong,R,0,
18275,keropas-kerapis,keropas-kerapis,R.salin,0,
18316,kertak-kertuk,kertak-kertuk,R.salin,0,
18352,keruntang-pungkang,keruntang-pungkang,R.wasana,0,
18373,kesampar-kesandung,kesampar-kesandung,R.purwa,0,
18378,kesap-kesip,kesap-kesip,R.salin,0,
18398,kesik-kesik,kesik-kesik,R,0,
18407,keso-keso,keso-keso,R,0,
18416,kesuh-kesih,kesuh-kesih,R.salin,0,
18415,kesu-kesi,kesu-kesi,R.purwa,0,
18417,kesuk-kesik,kesuk-kesik,R.salin,0,
18451,ketap-ketap,ketap-ketap,R,0,
18493,keti-keti,keti-keti,R,0,
18511,ketir-ketir,ketir-ketir,R,0,
18658,kia-kia,kia-kia,R,0,
18659,kiak-kiak,kiak-kiak,R,0,
18661,kial-kial,kial-kial,R,0,
18668,kiang-kiut,kiang-kiut,R.salin,0,
18682,kibang-kibut,kibang-kibut,R.purwa,0,
18695,kicang-kecoh,kicang-kecoh,R.salin,0,
18696,kicang-kicu,kicang-kicu,R.purwa,0,
18706,kida-kida,kida-kida,R,0,
18723,kijang-kijang,kijang-kijang,R,0,
18763,kili-kili (1),kili-kili,R,0,
18764,kili-kili (2),kili-kili,R,0,
18868,kinyis-kinyis,kinyis-kinyis,R,0,
18967,kiu-kiu,kiu-kiu,R,0,
18977,klak-klik,klak-klik,R.salin,0,
19106,kluntang-klantung,kluntang-klantung,R.salin,0,
19121,koak-koak,koak-koak,R,0,
19141,kobol-kobol,kobol-kobol,R,0,
19143,kocah-kacih,kocah-kacih,R.salin,0,
19148,kocar-kacir,kocar-kacir,R.salin,0,
19169,kodok-kodok (1),kodok-kodok,R,0,
19170,kodok-kodok (2),kodok-kodok,R,0,
19264,kolang-kalik,kolang-kalik,R.salin,0,
19265,kolang-kaling (1),kolang-kaling,R.salin,0,
19266,kolang-kaling (2),kolang-kaling,R.salin,0,
19276,koleh-koleh,koleh-koleh,R,0,
19278,kole-kole,kole-kole,R,0,
19381,komat-kamit,komat-kamit,R.salin,0,
19708,kontal-kantil,kontal-kantil,R.salin,0,
19712,kontang-kanting,kontang-kanting,R.salin,0,
19805,kopat-kapit,kopat-kapit,R.salin,0,
19943,kosak-kasik,kosak-kasik,R.salin,0,
19979,kotak-katik,kotak-katik,R.salin,0,
20064,kreseh-peseh,kreseh-peseh,R.wasana,0,
20314,kucar-kacir,kucar-kacir,R.salin,0,
20331,kuda-kuda,kuda-kuda,R,0,
20410,kulak-kulak tangan,kulak-kulak tangan,R.purwa,0,
20428,kulik-kulik,kulik-kulik,R,0,
20461,kuma-kuma,kuma-kuma,R,0,
20509,kunang-kunang,kunang-kunang,R,0,
20578,kupat-kapit,kupat-kapit,R.salin,0,
20596,kupu-kupu,kupu-kupu,R,0,
20601,kura-kura,kura-kura,R,0,
20665,kusat-mesat,kusat-mesat,R.wasana,0,
20682,kusu-kusu,kusu-kusu,R,0,
20692,kutat-kutet,kutat-kutet,R.salin,0,
20727,kuwung-kuwung,kuwung-kuwung,R,0,
20749,labah-labah,labah-labah,R,0,
20748,laba-laba,laba-laba,R,0,
20761,labi-labi,labi-labi,R,0,
20829,laguh-lagah,laguh-lagah,R.salin,0,
20941,lalu-lalang,lalu-lalang,R.purwa,0,
20949,lamat-lamat,lamat-lamat,R,0,
21036,lancar-lancar,lancar-lancar,R,0,
21074,langak-languk,langak-languk,R.salin,0,
21075,langak-longok,langak-longok,R.salin,0,
21247,lapat-lapat,lapat-lapat,R,0,
21291,lari-lari,lari-lari,R,0,
21370,laun-laun hari,laun-laun hari,R.purwa,0,
21385,lawah-lawah,lawah-lawah,R,0,
21429,layar-layar,layar-layar,R,0,
21515,legak-legok,legak-legok,R.salin,0,
21571,legup-legup,legup-legup,R,0,
21572,leha-leha,leha-leha,R,0,
21586,lekak-lekuk,lekak-lekuk,R.salin,0,
21590,lekap-lekup,lekap-lekup,R.salin,0,
21600,lek-lekan,lek-lekan,R.purwa,0,
21620,lekuh-lekih,lekuh-lekih,R.salin,0,
21623,lekum-lekum,lekum-lekum,R,0,
21626,lekup-lekap,lekup-lekap,R.salin,0,
21798,lenggak-lenggok,lenggak-lenggok,R.salin,0,
21827,lengket-lengket,lengket-lengket,R,0,
21831,lengko-lengko,lengko-lengko,R,0,
21869,lentam-lentum,lentam-lentum,R.salin,0,
21872,lentang-lentok,lentang-lentok,R.purwa,0,
21907,lepa-lepa,lepa-lepa,R,0,
21908,lepa-lepa,lepa-lepa,R,0,
22024,lete-lete,lete-lete,R,0,
22119,lidah-lidah (1),lidah-lidah,R,0,
22120,lidah-lidah (2),lidah-lidah,R,0,
22415,liuk-liuk,liuk-liuk,R,0,
22436,lobi-lobi,lobi-lobi,R,0,
22556,longak-longok,longak-longok,R.salin,0,
22575,lontang-lanting,lontang-lanting,R.salin,0,
22576,lontang-lantung,lontang-lantung,R.salin,0,
22590,lopak-lopak,lopak-lopak,R,0,
22733,lumba-lumba,lumba-lumba,R,0,
22739,lumi-lumi,lumi-lumi,R,0,
22794,luntang-lantung,luntang-lantung,R.salin,0,
22803,lupa-lupa,lupa-lupa,R,0,
22921,magep-magep,magep-magep,R,0,
23019,mahi-mahi,mahi-mahi,R,0,
23056,maja-muju,maja-muju,R.salin,0,
23253,mali-mali,mali-mali,R,0,
23686,masing-masing,masing-masing,R,0,
23756,mata-mata,mata-mata,R,0,
23836,maya-maya,maya-maya,R,0,
23932,megal-megol,megal-megol,R.salin,0,
23947,megap-megap,megap-megap,R,0,
23963,meger-meger,meger-meger,R,0,
23964,megrek-megrek,megrek-megrek,R,0,
23980,mekala-kalado,mekala-kalado,R.salin,0,
24001,melak-melak,melak-melak,R,0,
24119,mencak-mencak,mencak-mencak,R,0,
24121,mencang-mencong,mencang-mencong,R.salin,0,
24125,mencla-mencle,mencla-mencle,R.purwa,0,
24282,mentinggi-tinggi,mentinggi-tinggi,R.wasana,0,
24292,mentul-mentul,mentul-mentul,R,0,
24347,mercak-mercik,mercak-mercik,R.salin,0,
24439,mesamba-samba ulu,mesamba-samba ulu,R.salin,0,
24497,metai-tai,metai-tai,R.wasana,0,
24965,mondar-mandir,mondar-mandir,R.salin,0,
25071,morak-marik,morak-marik,R.salin,0,
25078,morat-marit,morat-marit,R.salin,0,
25425,murat-marit,murat-marit,R.salin,0,
25622,naga-naganya,naga-naganya,R.purwa,0,
25745,nasi-nasi,nasi-nasi,R,0,
25858,neka-neka,neka-neka,R,0,
25862,neko-neko,neko-neko,R,0,
25986,ngak-ngik-ngok,ngak-ngik-ngok,R.tri,0,
26171,nong-nong,nong-nong,R,0,
26298,nuri-nuri,nuri-nuri,R,0,
26319,nyai-nyai,nyai-nyai,R,0,
26426,obrak-abrik,obrak-abrik,R.salin,0,
26487,ogah-agih,ogah-agih,R.salin,0,
26488,ogah-ogah,ogah-ogah,R,0,
26489,ogak-agik,ogak-agik,R.salin,0,
26490,ogak-ogak,ogak-ogak,R,0,
26494,ogoh-ogoh,ogoh-ogoh,R,0,
26574,olak-alik,olak-alik,R.salin,0,
26575,olak-olak,olak-olak,R,0,
26577,olang-aling (1),olang-aling,R.salin,0,
26583,oleh-oleh,oleh-oleh,R,0,
26615,olong-olong,olong-olong,R,0,
26661,ondel-ondel,ondel-ondel,R,0,
26662,onde-onde,onde-onde,R,0,
26673,oneng-oneng,oneng-oneng,R,0,
26675,ongah-angih,ongah-angih,R.salin,0,
26687,ongol-ongol,ongol-ongol,R,0,
26706,ontran-ontran,ontran-ontran,R,0,
26708,onyak-anyik (1),onyak-anyik,R.salin,0,
26709,onyak-anyik (2),onyak-anyik,R.salin,0,
26798,orak-arik,orak-arik,R.salin,0,
26803,orang-aring,orang-aring,R.salin,0,
26808,orat-oret,orat-oret,R.salin,0,
26890,orok-orok (1),orok-orok,R,0,
26891,orok-orok (2),orok-orok,R,0,
26892,orong-orong (1),orong-orong,R,0,
26893,orong-orong (2),orong-orong,R,0,
26960,otak-atik,otak-atik,R.salin,0,
26961,otak-otak,otak-otak,R,0,
27245,palas-palas,palas-palas,R,0,
27251,palato-alveolar,palato-alveolar,R.salin,0,
27583,pao-pao,pao-pao,R,0,
27943,pasu-pasu,pasu-pasu,R,0,
28002,pato-pato,pato-pato,R,0,
28051,paya-paya,paya-paya,R,0,
28066,pe--an (1),pe--an,R.salin,0,
28067,pe--an (2),pe--an,R.salin,0,
28243,pel--an,pel--an,R.salin,0,
28373,pem--an,pem--an,R.salin,0,
28471,penge--an,penge--an,R.salin,0,
28558,peny--an,peny--an,R.salin,0,
28633,perak-perak,perak-perak,R,0,
28664,peras-perus,peras-perus,R.salin,0,
29043,petantang-petenteng,petantang-petenteng,R.salin,0,
29049,petatang-peteteng,petatang-peteteng,R.salin,0,
29056,pete-pete,pete-pete,R,0,
29241,pina-pina (1),pina-pina,R,0,
29242,pina-pina (2),pina-pina,R,0,
29503,plintat-plintut,plintat-plintut,R.salin,0,
29515,plonga-plongo,plonga-plongo,R.purwa,0,
29715,poma-poma,poma-poma,R,0,
29754,pontang-panting,pontang-panting,R.salin,0,
29780,porak-parik,porak-parik,R.salin,0,
29781,porak-peranda,porak-peranda,R.salin,0,
29782,porak-poranda,porak-poranda,R.purwa,0,
29815,pos-el,pos-el,R.salin,0,
29857,potong-potong,potong-potong,R,0,
29932,prangas-pringis,prangas-pringis,R.salin,0,
30063,pringas-pringis,pringas-pringis,R.salin,0,
30385,pukang-pukang,pukang-pukang,R,0,
30430,pulut-pulut,pulut-pulut,R,0,
30454,pungak-pinguk,pungak-pinguk,R.salin,0,
30513,pura-pura,pura-pura,R,0,
30552,puruk-parak,puruk-parak,R.salin,0,
30627,puvi-puvi,puvi-puvi,R,0,
30631,puyo-puyo,puyo-puyo,R,0,
30667,raba-rubu,raba-rubu,R.salin,0,
30896,ramah-tamah,ramah-tamah,R.wasana,0,
30903,rama-rama,rama-rama,R,0,
30992,randa-rondo,randa-rondo,R.salin,0,
31058,rango-rango,rango-rango,R,0,
31782,rep-repan,rep-repan,R.purwa,0,
32001,riang-riang (1),riang-riang,R,0,
32002,riang-riang (2),riang-riang,R,0,
32003,riang-riang (3),riang-riang,R,0,
32021,ribu-ribu,ribu-ribu,R,0,
32038,rigi-rigi,rigi-rigi,R,0,
32165,robak-rabik,robak-rabik,R.salin,0,
32166,robat-rabit,robat-rabit,R.salin,0,
32232,rombang-rambing,rombang-rambing,R.salin,0,
32247,romol-romol,romol-romol,R,0,
32270,rondah-rondih,rondah-rondih,R.salin,0,
32303,ropak-rapik,ropak-rapik,R.salin,0,
32355,ruba-ruba,ruba-ruba,R,0,
32439,rumbai-rumbai,rumbai-rumbai,R,0,
32469,rundu-rundu,rundu-rundu,R,0,
32476,runggu-rangga,runggu-rangga,R.salin,0,
32494,runtang-runtung,runtang-runtung,R.salin,0,
32594,sabu-sabu,sabu-sabu,R,0,
32935,samo-samo,samo-samo,R,0,
33182,sapu-sapu ringin,sapu-sapu ringin,R.purwa,0,
33246,sarit-sarit,sarit-sarit,R,0,
33423,seban-seban,seban-seban,R,0,
33505,sedok-sedok,sedok-sedok,R,0,
33529,segan-segan,segan-segan,R,0,
33656,sekonyong-konyong,sekonyong-konyong,R.wasana,0,
33742,selak-seluk,selak-seluk,R.salin,0,
33771,selang-seli,selang-seli,R.purwa,0,
33772,selang-seling,selang-seling,R.salin,0,
33845,selentang-selenting,selentang-selenting,R.salin,0,
33960,seluk-beluk,seluk-beluk,R.wasana,0,
34026,semang-semang,semang-semang,R,0,
34041,sema-sema,sema-sema,R,0,
34288,sengar-sengir,sengar-sengir,R.salin,0,
34296,senggak-sengguk,senggak-sengguk,R.salin,0,
34489,seolah-olah,seolah-olah,R.wasana,0,
34506,sepala-pala,sepala-pala,R.wasana,0,
34668,serbah-serbih,serbah-serbih,R.salin,0,
34705,serembah-serembih,serembah-serembih,R.salin,0,
34836,serta-merta,serta-merta,R.wasana,0,
35106,sia-sia,sia-sia,R,0,
35783,slintat-slintut,slintat-slintut,R.salin,0,
35966,sorak-sorai,sorak-sorai,R.purwa,0,
36377,suat-suit,suat-suit,R.salin,0,
36467,sudu-sudu,sudu-sudu,R,0,
36480,sugi-sugi,sugi-sugi,R,0,
36549,sulat-sulit,sulat-sulit,R.salin,0,
36621,sumpah-sumpah,sumpah-sumpah,R,0,
37032,tabar-tabar,tabar-tabar,R,0,
37189,takang-takik,takang-takik,R.purwa,0,
37311,tali-tali,tali-tali,R,0,
37563,tapa-tapa,tapa-tapa,R,0,
37728,tatah-tatah,tatah-tatah,R,0,
37793,tawak-tawak,tawak-tawak,R,0,
37798,tawang-tawang,tawang-tawang,R,0,
37805,tawar-tawar,tawar-tawar,R,0,
37810,tawa-tawa,tawa-tawa,R,0,
37873,tedong-tedong,tedong-tedong,R,0,
37914,teka-teki,teka-teki,R.purwa,0,
38159,temas-temas,temas-temas,R,0,
38318,temut-temut,temut-temut,R,0,
38790,tiba-tiba,tiba-tiba,R,0,
38842,timah-timah (1),timah-timah,R,0,
38843,timah-timah (2),timah-timah,R,0,
38889,timu-timu,timu-timu,R,0,
39018,tiup-tiup,tiup-tiup,R,0,
39062,tokak-takik,tokak-takik,R.salin,0,
39513,tuang-tuang,tuang-tuang,R,0,
39610,tuli-tuli,tuli-tuli,R,0,
39653,tumpang-tindih,tumpang-tindih,R.salin,0,
39717,tunggang-langgang,tunggang-langgang,R.wasana,0,
39770,tupai-tupai,tupai-tupai,R,0,
39854,ubal-ubal,ubal-ubal,R,0,
39874,ubun-ubun (1),ubun-ubun,R,0,
39875,ubun-ubun (2),ubun-ubun,R,0,
39876,ubur-ubur (1),ubur-ubur,R,0,
39877,ubur-ubur (2),ubur-ubur,R,0,
39882,uci-uci,uci-uci,R,0,
39920,ugal-ugalan,ugal-ugalan,R.purwa,0,
39923,uget-uget,uget-uget,R,0,
39929,uir-uir (1),uir-uir,R,0,
39930,uir-uir (2),uir-uir,R,0,
39966,ulang-alik,ulang-alik,R.salin,0,
39967,ulang-aling,ulang-aling,R.salin,0,
39970,ulap-ulap (1),ulap-ulap,R,0,
39971,ulap-ulap (2),ulap-ulap,R,0,
39973,ular-ular (1),ular-ular,R,0,
39974,ular-ular (2),ular-ular,R,0,
39975,ular-ular (3),ular-ular,R,0,
39976,ular-ularan,ular-ularan,R.purwa,0,
39985,ula-ula,ula-ula,R,0,
40032,uluh-uluh,uluh-uluh,R,0,
40039,ulung-ulung,ulung-ulung,R,0,
40043,ulur-ulur,ulur-ulur,R,0,
40046,ulu-ulu,ulu-ulu,R,0,
40053,umang-umang,umang-umang,R,0,
40078,umbul-umbul,umbul-umbul,R,0,
40079,umbun-umbun,umbun-umbun,R,0,
40081,umbur-umbur,umbur-umbur,R,0,
40112,uncang-uncit,uncang-uncit,R.purwa,0,
40129,unduk-unduk,unduk-unduk,R,0,
40131,undung-undung (1),undung-undung,R,0,
40134,undur-undur,undur-undur,R,0,
40135,unek-unek,unek-unek,R,0,
40136,ungah-angih,ungah-angih,R.salin,0,
40138,ungap-ungap,ungap-ungap,R,0,
40141,unggah-ungguh,unggah-ungguh,R.salin,0,
40143,unggang-anggit,unggang-anggit,R.salin,0,
40145,unggat-unggit,unggat-unggit,R.salin,0,
40159,ungkang-ungkang,ungkang-ungkang,R,0,
40160,ungkang-ungkit,ungkang-ungkit,R.purwa,0,
40219,untang-anting,untang-anting,R.salin,0,
40271,urang-aring,urang-aring,R.salin,0,
40276,uran-uran,uran-uran,R,0,
40285,ura-ura,ura-ura,R,0,
40340,user-user,user-user,R,0,
40365,utak-atik,utak-atik,R.salin,0,
40372,utar-utar,utar-utar,R,0,
40376,uter-uter,uter-uter,R,0,
40394,uwa-uwa,uwa-uwa,R,0,
40398,uyah-uyahan,uyah-uyahan,R.purwa,0,
40834,wande-wande,wande-wande,R,0,
40848,wanti-wanti,wanti-wanti,R,0,
40863,wara-wiri (1),wara-wiri,R.salin,0,
40864,wara-wiri (2),wara-wiri,R.salin,0,
40882,warna-warni,warna-warni,R.purwa,0,
40939,wau-wau,wau-wau,R,0,
41064,wira-wiri,wira-wiri,R.purwa,0,
41100,wora-wari,wora-wari,R.salin,0,
41205,yang-yang,yang-yang,R,0,
41345,Zend-Avesta,zend-avesta,R.salin,0,
41369,zig-zag,zig-zag,R.salin,0,
