etim_id,indeks,etim_homonim,entri_homonim_saat_ini,bahasa,arti_asal,rekomendasi_entri_id,rekomendasi_entri,catatan
"2","à","1","","Prancis","kira-kira; lebih kurang (antara dua angka untuk memperkiraka","2","à","skor makna 0.750 → entri_id=2"
"3","aba","1","","Arab","ayah; bapak","8","aba","skor makna 1.000 → entri_id=8"
"4","abad","1","","Arab","masa seratus tahun (century)","10","abad","skor makna 0.231 → entri_id=10"
"5","abadi","1","","Arab","kekal; tidak berkesudahan (eternal)","11","abadi","skor makna 0.750 → entri_id=11"
"6","abadiah","1","","Arab","kekekalan (eternity)","12","abadiah","skor makna 0.500 → entri_id=12"
"7","abah","1","2","Arab","","14","abah (1)","homonim 1 → entri_id=14"
"8","abaimana","1","","Hindi","lubang pelepasan; dubur (anal and urethral orifices (with re","19","abaimana","skor makna 0.273 → entri_id=19"
"9","abaka","1","","Inggris","tumbuhan yang seratnya dibuat tali belati (abaca, Manila hem","20","abaka","skor makna 0.545 → entri_id=20"
"10","abaktinal","1","","Inggris","berkenaan dengan sisi tubuh yang tidak mengandung mulut (aba","22","abaktinal","skor makna 0.727 → entri_id=22"
"13","abandonemen","1","","Belanda","keadaan tertinggal atau terbuang (abandonment)","29","abandonemen","skor makna 0.500 → entri_id=29"
"15","abatoar","1","","Belanda","tempat pemotongan hewan untuk umum; pejagalan (abattoir)","39","abatoar","skor makna 0.667 → entri_id=39"
"16","abawi","1","","Arab","pihak ayah (fatherly)","41","abawi","skor makna 0.667 → entri_id=41"
"17","abdi","1","","Arab","orang bawahan; pelayan; hamba (slave)","44","abdi","skor makna 0.308 → entri_id=44"
"18","abdikasi","1","","Belanda","pelepasan hak, wewenang, atau kekuasaan (tentang pembesar at","45","abdikasi","skor makna 0.444 → entri_id=45"
"19","abdomen","1","","Latin","bagian tubuh berupa rongga perut yang berisi alat pencernaan","46","abdomen","skor makna 0.429 → entri_id=46"
"20","abdominal","1","","Belanda","berhubungan dengan abdomen (abdominal)","47","abdominal","skor makna 0.750 → entri_id=47"
"21","abdu","1","","Arab","hamba (Allah), terutama digunakan untuk nama orang (servant)","48","abdu","skor makna 0.875 → entri_id=48"
"22","abdul","1","","Arab","(-) (servant of)","51","abdul","skor rendah (0.000) — review manual"
"23","abece","1","","Belanda","a-b-c (abjad Latin) (alphabet)","53","abece","skor makna 0.133 → entri_id=53"
"24","aberasi","1","","Belanda","penyimpangan dari yang normal (aberration)","55","aberasi","skor makna 0.500 → entri_id=55"
"27","abidin","1","","Arab","(bentuk jamak dari *abid*) orang-orang yang taat (beribadah ","60","abidin","skor makna 0.923 → entri_id=60"
"28","abilah","1","","Persia","cacar; ketumbuhan (chicken pox)","61","abilah","skor makna 0.500 → entri_id=61"
"29","abiogenesis","1","","Inggris","kehidupan yang dapat muncul dari benda yang tidak hidup (abi","64","abiogenesis","skor makna 0.727 → entri_id=64"
"30","abiosfer","1","","","lingkungan berupa barang atau benda yang tidak hidup (the pa","66","abiosfer","skor makna 0.471 → entri_id=66"
"31","abis","1","","Inggris","bagian yang paling dalam dari lautan yang mempunyai kedalama","70","abis","skor makna 0.625 → entri_id=70"
"32","abisal","1","","Belanda","endapan lumpur atau tanah dari dasar laut pada kedalaman 2.2","71","abisal","skor makna 0.500 → entri_id=71"
"33","abiturien","1","","Belanda","lulusan sekolah (terutama sekolah menengah tingkat atas) ((h","75","abiturien","skor makna 0.500 → entri_id=75"
"34","abjad","1","","Arab","kumpulan huruf (aksara) berdasarkan urutan yang lazim dalam ","76","abjad","skor makna 0.588 → entri_id=76"
"35","abjadiah","1","","Arab","berdasarkan abjad (letters of the alphabet)","77","abjadiah","skor makna 0.400 → entri_id=77"
"36","ablasi","1","","Belanda","hal terlepasnya sesuatu dari sesuatu (ablation)","79","ablasi","skor makna 0.100 → entri_id=79"
"37","ablatif","1","","Belanda","berhubungan dengan ablasi (ablative)","81","ablatif","skor makna 0.429 → entri_id=81"
"38","ablaut","1","","Jerman","perubahan vokal untuk menandai pelbagai fungsi gramatikal, m","82","ablaut","skor makna 0.870 → entri_id=82"
"39","ablur","1","","Persia","","84","ablur","skor rendah (0.000) — review manual"
"40","abnormal","1","","Belanda","tidak sesuai dengan keadaan yang biasa; mempunyai kelainan; ","85","abnormal","skor makna 0.692 → entri_id=85"
"41","abnormalitas","1","","Belanda","ketidaknormalan (abnormality)","86","abnormalitas","skor makna 0.200 → entri_id=86"
"42","abnus","1","","Arab","kayu arang (ebony)","87","abnus","skor makna 0.667 → entri_id=87"
"43","abolisi","1","","Belanda","peniadaan peristiwa pidana (abolition)","90","abolisi","skor makna 0.300 → entri_id=90"
"44","abonemen","1","","Belanda","hal berlangganan (subscription)","93","abonemen","skor makna 0.250 → entri_id=93"
"45","aborsi","1","","Latin","pengguguran kandungan (miscarriage)","98","aborsi","skor makna 0.286 → entri_id=98"
"46","abortiva","1","","Latin","obat-obatan yang dapat menggugurkan kandungan (abortifacient","100","abortiva","skor makna 0.750 → entri_id=100"
"47","abortus","1","","Belanda","fetus dengan berat kurang dari 500 g pada saat dikeluarkan d","101","abortus","skor makna 0.556 → entri_id=101"
"48","abrak","1","","Sanskerta","bahan galian yang jernih seperti kaca; mika (mica)","104","abrak","skor makna 0.875 → entri_id=104"
"49","abrakadabra","1","","Belanda","ucapan pemain sulap dalam pertunjukan sulap (abracadabra (a ","105","abrakadabra","skor makna 0.500 → entri_id=105"
"50","abrar","1","","Arab","saleh (banyak berbuat kebajikan) (dutiful, pious)","107","abrar","skor makna 0.667 → entri_id=107"
"51","abras","1","","Arab","mengidap penyakit kusta (leprous)","108","abras","skor makna 0.750 → entri_id=108"
"52","abrasi","1","","Belanda","pengikisan batuan oleh air, es, atau angin yang mengandung d","109","abrasi","skor makna 0.414 → entri_id=109"
"53","abreaksi","1","","Inggris","pencetusan emosi dengan mengingat kembali trauma psikis (abr","111","abreaksi","skor makna 0.636 → entri_id=111"
"54","abreviasi","1","","Belanda","pemendekan bentuk sebagai pengganti bentuk yang lengkap (abb","113","abreviasi","skor makna 0.400 → entri_id=113"
"55","abrikos","1","","Belanda","buah yang berbentuk bulat berwarna oranye, berdaging tebal d","114","abrikos","skor makna 0.650 → entri_id=114"
"56","abrupsi","1","","Inggris","keadaan terlepas (abruption)","120","abrupsi","skor makna 0.400 → entri_id=120"
"57","absah","1","","Arab","sah (valid (doubtful entry))","121","absah","skor makna 0.250 → entri_id=121"
"58","absen","1","","Belanda","tidak masuk (sekolah, kerja, dsb.); tidak hadir (absent)","122","absen","skor makna 0.667 → entri_id=122"
"59","absensi","1","","Belanda","ketidakhadiran (absence)","123","absensi","skor makna 0.200 → entri_id=123"
"61","absenteisme","1","","Belanda","ketidakhadiran yang terus-menerus (dalam perusahaan, sekolah","126","absenteisme","skor makna 0.296 → entri_id=126"
"62","abses","1","","Belanda","radang jaringan tubuh yang memungkinkan timbulnya rongga tem","127","abses","skor makna 0.714 → entri_id=127"
"63","absis","1","","Belanda","jarak titik terhadap sumbu tegak (abscissa)","128","absis","skor makna 0.556 → entri_id=128"
"64","absolusi","1","","Belanda","pengampunan melalui upacara keagamaan atas kesalahan atau do","130","absolusi","skor makna 0.818 → entri_id=130"
"65","absolut","1","","Belanda","tidak terbatas; mutlak (absolute)","131","absolut","skor makna 0.214 → entri_id=131"
"66","absolutisme","1","","Belanda","bentuk pemerintahan tanpa undang-undang dasar; bentuk pemeri","132","absolutisme","skor makna 0.789 → entri_id=132"
"67","absonan","1","","Inggris","tidak sesuai; bertentangan (absonant, discordant)","133","absonan","skor makna 0.429 → entri_id=133"
"68","absorben","1","","Belanda","zat yang menyerap materi atau tenaga (absorbent)","136","absorben","skor makna 0.316 → entri_id=136"
"70","absorpsi","1","","Belanda","penyerapan (absorption)","137","absorpsi","skor rendah (0.048) — review manual"
"71","absorpsiometer","1","","Inggris","alat untuk mengukur absorpsi gas oleh cairan (absorptiometer","138","absorpsiometer","skor makna 0.875 → entri_id=138"
"72","absorptif","1","","Inggris","bersifat menyerap (absorptive)","140","absorptif","skor makna 0.400 → entri_id=140"
"73","abstain","1","","Inggris","tidak memberikan suara (dalam pemungutan suara); tidak menen","142","abstain","skor makna 0.389 → entri_id=142"
"74","abstensi","1","","Inggris","tindakan atau praktik tidak memberikan suara (abstention)","143","abstensi","skor makna 0.667 → entri_id=143"
"75","abstinensi","1","","Belanda","pemantangan terhadap makanan, minuman, atau perilaku seksual","144","abstinensi","skor makna 0.714 → entri_id=144"
"78","abstraksi","1","","Belanda","proses atau perbuatan memisahkan (abstraction)","147","abstraksi","skor makna 0.182 → entri_id=147"
"79","absurd","1","","Belanda","tidak masuk akal; mustahil (absurd)","148","absurd","skor makna 0.571 → entri_id=148"
"80","absurditas","1","","Belanda","keabsurdan (absurdity)","150","absurditas","skor makna 0.167 → entri_id=150"
"81","abtar","1","","Arab","kudung; kutung (curtailed)","151","abtar","skor makna 0.333 → entri_id=151"
"83","abulhayat","1","","Arab","bapak kehidupan (father of life)","165","abulhayat","skor makna 0.400 → entri_id=165"
"84","abyad","1","","Arab","putih (white)","172","abyad","skor makna 0.500 → entri_id=172"
"85","acar","1","","Persia","makanan yang terbuat dari buah-buahan atau sayuran, diberi r","187","acar","skor makna 0.923 → entri_id=187"
"87","acaram","1","","Tamil","cincin (wedding ring)","190","acaram","skor makna 0.083 → entri_id=190"
"89","acik","1","","Amoy","kata sapaan kepada perempuan yang lebih tua, seperti kakak p","204","acik","skor makna 1.000 → entri_id=204"
"90","adab","1","","Arab","kehalusan dan kebaikan budi pekerti; kesopanan; akhlak (good","215","adab","skor makna 0.778 → entri_id=215"
"91","adab","2","","Arab","kehalusan dan kebaikan budi pekerti; kesopanan; akhlak (lite","215","adab","skor makna 0.636 → entri_id=215"
"92","adad","1","","Arab","bilangan; jumlah (numbers)","217","adad","skor makna 0.667 → entri_id=217"
"93","adagio","1","","Italia","tempo yang lambat dan penuh ekspresi (adagio)","218","adagio","skor makna 0.857 → entri_id=218"
"94","adagium","1","","Belanda","pepatah; peribahasa (adage)","219","adagium","skor makna 0.333 → entri_id=219"
"95","adakala","1","","","kadang-kadang; sekali-sekali; sekali waktu (sometimes)","221","adakala","skor makna 0.375 → entri_id=221"
"96","adaks","1","","Belanda","antelop berbulu warna terang, hidup di Afrika Utara, Arab, d","223","adaks","skor makna 0.667 → entri_id=223"
"97","adaktil","1","","Yunani","tidak mempunyai jari tangan atau jari kaki (adactylous)","225","adaktil","skor makna 0.600 → entri_id=225"
"98","adalah","1","","Arab","identik dengan","226","adalah","skor makna 0.222 → entri_id=226"
"99","adalat","1","","Arab","kebajikan; keadilan (justice)","227","adalat","skor makna 0.667 → entri_id=227"
"104","adaptabel","1","","Inggris","dapat menyesuaikan atau disesuaikan dengan kondisi dan keper","238","adaptabel","skor makna 0.692 → entri_id=238"
"105","adaptabilitas","1","","Inggris","kemampuan beradaptasi (adaptability)","239","adaptabilitas","skor makna 0.400 → entri_id=239"
"106","adaptasi","1","","Belanda","penyesuaian terhadap lingkungan, pekerjaan, dan pelajaran (a","240","adaptasi","skor makna 0.600 → entri_id=240"
"107","adaptif","1","","Belanda","mudah menyesuaikan (diri) dengan keadaan (adaptive)","241","adaptif","skor makna 0.833 → entri_id=241"
"108","adaptometer","1","","Inggris","alat untuk mengukur penyesuaian indra (adaptometer)","243","adaptometer","skor makna 0.833 → entri_id=243"
"109","adaptor","1","","Inggris","alat untuk menghubungkan dua bagian benda, misalnya yang ber","244","adaptor","skor makna 0.200 → entri_id=244"
"110","adas","1","","Persia","tumbuhan bergetah yang tingginya kira-kira 1,5 m, bijinya di","249","adas","skor makna 0.909 → entri_id=249"
"111","adas","2","","Arab","tumbuhan bergetah yang tingginya kira-kira 1,5 m, bijinya di","249","adas","skor makna 0.909 → entri_id=249"
"113","adati","1","","Persia","bersifat adat; tradisional (customary)","252","adati","skor makna 0.750 → entri_id=252"
"114","adekuat","1","","Belanda","memenuhi syarat; memadai; sama harkatnya (adequate)","257","adekuat","skor makna 0.556 → entri_id=257"
"115","adempauze","1","","Belanda","kesempatan untuk beristirahat (breathing space)","261","adempauze","skor makna 0.600 → entri_id=261"
"116","adendum","1","","Latin","jilid tambahan (pada buku); lampiran (addendum)","263","adendum","skor makna 0.417 → entri_id=263"
"117","adenoid","1","","Belanda","pertumbuhan mirip kelenjar pada tenggorok dan bagian belakan","266","adenoid","skor makna 0.692 → entri_id=266"
"118","adenoma","1","","Belanda","jaringan kelenjar (adenoma)","267","adenoma","skor makna 0.400 → entri_id=267"
"119","adenosis","1","","Inggris","penyakit kelenjar, terutama menyerang kelenjar getah bening ","268","adenosis","skor makna 0.667 → entri_id=268"
"120","adhesi","1","","Belanda","keadaan melekat pada benda lain (adhesion)","272","adhesi","skor makna 0.143 → entri_id=272"
"121","adhesif","1","","Inggris","bersifat melekat (adhesive)","273","adhesif","skor makna 0.400 → entri_id=273"
"122","adiabatik","1","","Inggris","mengacu pada setiap perubahan yang terjadi dalam suatu siste","276","adiabatik","skor makna 0.833 → entri_id=276"
"123","adiaktinik","1","","Inggris","kedap terhadap cahaya ultraviolet dan cahaya yang tampak (ad","279","adiaktinik","skor makna 0.700 → entri_id=279"
"124","adib","1","","Arab","beradab; tahu tata krama; sopan (well bred)","281","adib","skor makna 0.500 → entri_id=281"
"125","adibangkit","1","","","tanda isyarat untuk membangunkan pasukan (prajurit dsb.) (mo","282","adibangkit","skor makna 0.467 → entri_id=282"
"126","adibintang","1","","","bintang lapangan; pemain andalan yang berbakat (superstar)","284","adibintang","skor makna 0.462 → entri_id=284"
"127","adibusana","1","","","busana ekslusif untuk wanita yang dirancang oleh perancang t","286","adibusana","skor makna 0.643 → entri_id=286"
"128","adicita","1","","","ideologi (ideology)","287","adicita","skor makna 0.167 → entri_id=287"
"129","adidaya","1","","","adikuasa (superpower)","288","adidaya","skor makna 0.167 → entri_id=288"
"130","adiguna","1","","Sanskerta","bersifat menonjolkan kepandaian (clever)","290","adiguna","skor makna 0.750 → entri_id=290"
"131","adikara","1","","Sanskerta","berkuasa (having authority, majestic)","297","adikara","skor makna 0.125 → entri_id=297"
"132","adikarya","1","","","karya yang dihasilkan dengan kemampuan yang luar biasa; kary","298","adikarya","skor makna 0.667 → entri_id=298"
"133","adikodrati","1","","","melebihi atau di luar kodrat alam; supernatural (supernatura","300","adikodrati","skor makna 0.545 → entri_id=300"
"134","adiksi","1","","Latin","kecanduan atau ketergantungan secara fisik dan mental terhad","302","adiksi","skor makna 0.714 → entri_id=302"
"135","adiktif","1","","Inggris","bersifat kecanduan (addictive)","303","adiktif","skor makna 0.286 → entri_id=303"
"138","adikuasa","1","","","berkekuatan amat besar atau luar biasa (tentang negara, bang","304","adikuasa","skor makna 0.643 → entri_id=304"
"139","adil","1","","Arab","sama berat; tidak berat sebelah; tidak memihak (just)","305","adil","skor makna 0.313 → entri_id=305"
"140","adiluhung","1","","Jawa","tinggi mutunya (sublime, excellent)","306","adiluhung","skor makna 0.500 → entri_id=306"
"141","adimarga","1","","","jalan raya yang lebar, biasanya dengan deretan pohon di kiri","308","adimarga","skor makna 0.688 → entri_id=308"
"142","ad interim","1","","Latin","untuk sementara waktu (for the meantime)","213","ad interim","skor makna 0.500 → entri_id=213"
"143","adipati","1","","Sanskerta","gelar raja muda atau wakil raja (di Jawa Tengah gelar bagi P","313","adipati","skor makna 0.545 → entri_id=313"
"144","adipenghantar","1","","","bahan yang di bawah suhu peralihan rendah memperlihatkan sif","314","adipenghantar","skor makna 0.714 → entri_id=314"
"145","adiposa","1","","Inggris","penimbunan lemak yang berlebihan dalam tubuh (adipose)","315","adiposa","skor makna 0.667 → entri_id=315"
"146","adipositas","1","","Inggris","perihal lemak; kegemukan (adiposity)","317","adipositas","skor makna 0.500 → entri_id=317"
"147","adipura","1","","","kota yang tebersih dan terindah (the cleanest (etc.) city (c","319","adipura","skor makna 0.333 → entri_id=319"
"148","adiraja","1","","Sanskerta","gelar raja yang tertinggi (royal by descent)","321","adiraja","skor makna 0.667 → entri_id=321"
"149","adiratna","1","","","permata yang mulia (jewel, beautiful woman)","322","adiratna","skor makna 0.250 → entri_id=322"
"150","adisi","1","","Belanda","penambahan yang dilakukan secara terus-menerus (addition)","324","adisi","skor makna 0.300 → entri_id=324"
"151","adisional","1","","Inggris","sebagai tambahan; ekstra (additional)","325","adisional","skor makna 0.750 → entri_id=325"
"152","adisiswa","1","","","pelajar yang paling bermutu (pandai, terkenal, menarik perha","326","adisiswa","skor makna 0.563 → entri_id=326"
"153","aditif","1","","Belanda","berkenaan atau dihasilkan dengan penambahan (additive)","328","aditif","skor makna 0.217 → entri_id=328"
"154","aditokoh","1","","","tokoh utama (very prominent figure)","329","aditokoh","skor makna 0.133 → entri_id=329"
"155","adiwangsa","1","","Sanskerta","bangsa utama (mulia) (of high nobility)","330","adiwangsa","skor makna 0.600 → entri_id=330"
"156","adiwarna","1","","","indah sekali; bagus sekali (glowing with colour)","331","adiwarna","skor makna 0.300 → entri_id=331"
"157","adiwidia","1","","","pengetahuan yang paling tinggi (distinguished scholarship)","332","adiwidia","skor makna 0.400 → entri_id=332"
"158","adjektif","1","","Belanda","","333","adjektif","skor rendah (0.000) — review manual"
"159","adjektiva","1","","Belanda","kata yang menerangkan nomina (kata benda) dan secara umum da","334","adjektiva","skor makna 0.722 → entri_id=334"
"160","adjektival","1","","Inggris","berfungsi sebagai adjektiva, tetapi tidak dapat berinfleksi ","335","adjektival","skor makna 0.600 → entri_id=335"
"161","administrasi","1","","Belanda","usaha dan kegiatan yang meliputi penetapan tujuan serta pene","339","administrasi","skor makna 0.500 → entri_id=339"
"162","administratif","1","","Belanda","secara administrasi; bersangkut-paut (berkaitan) dengan admi","340","administratif","skor makna 0.600 → entri_id=340"
"163","administrator","1","","Inggris","direktur perusahaan (administrator)","341","administrator","skor makna 0.083 → entri_id=341"
"164","admiral","1","","Belanda","jenjang kepangkatan pada angkatan laut; laksamana (admiral)","342","admiral","skor makna 0.600 → entri_id=342"
"165","admisi","1","","Belanda","izin masuk (admission)","343","admisi","skor makna 0.333 → entri_id=343"
"166","admitans","1","","Inggris","ukuran kemudahan arus bolak-balik (rangga) untuk mengalir da","344","admitans","skor makna 0.950 → entri_id=344"
"167","adnan","1","","Arab","surga; firdaus (paradise)","345","adnan","skor makna 0.667 → entri_id=345"
"168","adolesens","1","","Inggris","masa remaja (adolescence)","349","adolesens","skor makna 0.400 → entri_id=349"
"169","adopsi","1","","Belanda","pengangkatan anak orang lain sebagai anak sendiri (adoption)","351","adopsi","skor makna 0.300 → entri_id=351"
"170","adoptif","1","","Belanda","mengenai penyerahan suatu urusan dilakukan dengan undang-und","352","adoptif","skor makna 0.952 → entri_id=352"
"171","adpertensi","1","","Belanda","","354","adpertensi","skor rendah (0.000) — review manual"
"172","adpis","1","","Belanda","","355","adpis","skor rendah (0.000) — review manual"
"173","adrenal","1","","Inggris","kelenjar endokrin di atas ginjal yang menghasilkan hormon (a","356","adrenal","skor makna 0.700 → entri_id=356"
"174","adrenalin","1","","Belanda","hormon yang dihasilkan drekstrak kelenjar suprarenal atau ke","358","adrenalin","skor makna 0.290 → entri_id=358"
"175","adrenergik","1","","Inggris","diaktifkan atau disekresi oleh adrenalina atau zat yang seru","359","adrenergik","skor makna 0.889 → entri_id=359"
"176","adres","1","","Belanda","alamat (surat) (address)","360","adres","skor makna 0.333 → entri_id=360"
"177","adsorben","1","","Belanda","zat yang dapat menyerap zat lain, artinya menyerap zat lain ","362","adsorben","skor makna 0.750 → entri_id=362"
"178","adsorpsi","1","","Belanda","proses atau kemampuan suatu bahan untuk memegang atau mengon","363","adsorpsi","skor makna 0.810 → entri_id=363"
"179","adstringen","1","","Inggris","(-) (astringent)","364","adstringen","skor rendah (0.000) — review manual"
"180","aduktor","1","","Inggris","otot yang berfungsi menggerakkan anggota tubuh ke arah tubuh","373","aduktor","skor makna 0.700 → entri_id=373"
"181","adveksi","1","","Latin","gerakan massa udara secara horizontal yang mengakibatkan per","377","adveksi","skor makna 0.750 → entri_id=377"
"182","adven","1","","Belanda","kedatangan Kristus dalam inkarnasinya (kedatangannya yang ke","378","adven","skor makna 0.233 → entri_id=378"
"183","adventisia","1","","Inggris","lapisan terluar dinding pembuluh darah yang terdiri atas jar","380","adventisia","skor makna 0.769 → entri_id=380"
"184","adventisius","1","","Inggris","timbul atau terjadi secara sporadis atau dalam tempat yang t","381","adventisius","skor makna 0.769 → entri_id=381"
"185","adverbia","1","","Latin","kata yang memberikan keterangan pada verba, adjektiva, nomin","382","adverbia","skor makna 0.938 → entri_id=382"
"186","adverbial","1","","Belanda","berfungsi sebagai adverbia, tetapi tidak berinfleksi seperti","383","adverbial","skor makna 0.692 → entri_id=383"
"187","advertensi","1","","Belanda","iklan dalam media massa cetak atau elektronik, antara lain, ","384","advertensi","skor makna 0.750 → entri_id=384"
"188","advertorial","1","","Inggris","iklan yang berupa berita (bukan gambar atau poster); pariwar","385","advertorial","skor makna 0.750 → entri_id=385"
"189","advis","1","","Belanda","nasihat (advice)","386","advis","skor makna 0.200 → entri_id=386"
"191","Aeolus","1","","Latin","dewa angin dalam mitologi Yunani (mythical god of the winds)","391","Aeolus","skor makna 0.556 → entri_id=391"
"192","aerasi","1","","Belanda","penambahan oksigen ke dalam air dengan memancarkan air atau ","392","aerasi","skor makna 0.714 → entri_id=392"
"193","aerator","1","","Inggris","alat bertenaga listrik yang berfungsi menambahkan udara ke d","393","aerator","skor makna 0.850 → entri_id=393"
"194","aerob","1","","Inggris","sifat makhluk yang untuk hidup dan pertumbuhannya memerlukan","395","aerob","skor makna 0.455 → entri_id=395"
"195","aerobatik","1","","Inggris","ketangkasan atau kecakapan berakrobat di udara (aerobatics)","396","aerobatik","skor makna 0.625 → entri_id=396"
"196","aerobik","1","","Inggris","bersifat memerlukan oksigen bagi kehidupan, gerak, dan pertu","397","aerobik","skor makna 0.727 → entri_id=397"
"197","aerobika","1","","Yunani","sistem pemeliharaan jasmani yang dirancang untuk meningkatka","398","aerobika","skor makna 0.759 → entri_id=398"
"198","aerodinamika","1","","Belanda","ilmu yang berhubungan dengan gerakan udara, gas lain, atau k","401","aerodinamika","skor makna 0.833 → entri_id=401"
"199","aerofisika","1","","Yunani","cabang fisika yang berhubungan dengan perancangan, pembuatan","404","aerofisika","skor makna 0.733 → entri_id=404"
"200","aerofisiologi","1","","Inggris","ilmu tentang kesehatan tubuh ketika berada dalam penerbangan","405","aerofisiologi","skor makna 0.786 → entri_id=405"
"201","aerofon","1","","Belanda","alat musik yang menggunakan udara sebagai sarana untuk mengh","406","aerofon","skor makna 0.765 → entri_id=406"
"137","aerogram","1","","Inggris","warkat pos khusus untuk pengiriman dengan pos udara (aerogra","407","aerogram","skor makna 0.700 → entri_id=407"
"202","aerolit","1","","Yunani","meteorit yang terutama terdiri atas mineral silikat (aerolit","409","aerolit","skor makna 0.500 → entri_id=409"
"203","aerologi","1","","Belanda","meteorologi (aerology)","410","aerologi","skor makna 0.056 → entri_id=410"
"204","aerometer","1","","Inggris","alat untuk mengukur bobot atau kerapatan udara atau gas lain","411","aerometer","skor makna 0.900 → entri_id=411"
"205","aeronautika","1","","Yunani","ilmu penerbangan (aeronautics)","415","aeronautika","skor makna 0.250 → entri_id=415"
"206","aeroplankton","1","","Belanda","makhluk, plankton, zarah hidup seperti spora, bakteri, dan s","417","aeroplankton","skor makna 0.762 → entri_id=417"
"207","aeroskop","1","","Belanda","alat untuk menangkap debu, bakteri, spora, dsb. dari udara u","420","aeroskop","skor makna 0.765 → entri_id=420"
"208","aerosol","1","","Belanda","sistem tersebarnya partikel halus zat padat atau cairan dala","421","aerosol","skor makna 0.800 → entri_id=421"
"209","aerostat","1","","Belanda","kendara terbang yang lebih ringan daripada udara, misalnya b","422","aerostat","skor makna 0.692 → entri_id=422"
"210","aerostatika","1","","Belanda","ilmu tentang gas dalam keadaan seimbang mekanis (aerostatics","423","aerostatika","skor makna 0.636 → entri_id=423"
"211","aestetika","1","","Belanda","","429","aestetika","skor rendah (0.000) — review manual"
"212","afair","1","","Belanda","hubungan asmara yang berlangsung singkat (tidak dilanjutkan ","431","afair","skor makna 0.529 → entri_id=431"
"213","afal","1","","Arab","kelakuan; perbuatan; tingkah laku (works, behaviour)","432","afal","skor makna 0.667 → entri_id=432"
"214","afal","2","","Arab","kelakuan; perbuatan; tingkah laku","432","afal","skor makna 1.000 → entri_id=432"
"215","afasia","1","","Inggris","kehilangan sebagian atau seluruh kemampuan bicara karena pen","436","afasia","skor makna 0.800 → entri_id=436"
"216","afdal","1","","Arab","lebih baik; lebih utama (good, excellent)","437","afdal","skor makna 0.429 → entri_id=437"
"217","afdeling","1","","Belanda","seksi; bagian; divisi (section, division)","438","afdeling","skor makna 0.600 → entri_id=438"
"218","afdruk","1","","Belanda","hasil mencetak film (copy, offprint)","439","afdruk","skor makna 0.600 → entri_id=439"
"219","afek","1","","Belanda","perubahan perasaan karena tanggapan dalam kesadaran seseoran","440","afek","skor makna 0.818 → entri_id=440"
"220","afeksi","1","","Belanda","rasa kasih sayang (affection)","441","afeksi","skor makna 0.250 → entri_id=441"
"221","afektif","1","","Belanda","berkenaan dengan perasaan (seperti takut, cinta) (to do with","442","afektif","skor makna 0.222 → entri_id=442"
"222","aferesis","1","","Belanda","penanggalan huruf awal atau suku awal kata (misalnya *tirta ","444","aferesis","skor makna 0.778 → entri_id=444"
"223","afiat","1","","Arab","sehat (good health)","445","afiat","skor makna 0.333 → entri_id=445"
"224","afiks","1","","Belanda","bentuk terikat yang apabila ditambahkan pada kata dasar atau","450","afiks","skor makna 0.857 → entri_id=450"
"225","afiksasi","1","","Inggris","pengafiksan (affixation)","451","afiksasi","skor makna 0.250 → entri_id=451"
"226","afiliasi","1","","Belanda","pertalian sebagai anggota atau cabang; perhubungan (affiliat","452","afiliasi","skor makna 0.171 → entri_id=452"
"227","afinitas","1","","Belanda","ketertarikan atau simpati yang ditandai oleh persamaan kepen","453","afinitas","skor makna 0.348 → entri_id=453"
"228","afirmasi","1","","Inggris","penetapan yang positif; penegasan; peneguhan (affirmation)","454","afirmasi","skor makna 0.238 → entri_id=454"
"229","afirmatif","1","","Inggris","bersifat menguatkan atau mengesahkan (affirmative)","455","afirmatif","skor makna 0.571 → entri_id=455"
"230","afkir","1","","Belanda","","457","afkir","skor rendah (0.000) — review manual"
"231","aforisme","1","","Belanda","pernyataan yang padat dan ringkas tentang sikap hidup atau k","460","aforisme","skor makna 0.765 → entri_id=460"
"232","afotik","1","","Inggris","tanpa sinar (misalnya daerah laut yang dalam atau gua) (apho","461","afotik","skor makna 0.750 → entri_id=461"
"233","afrasia","1","","Inggris","ketidakmampuan untuk mengungkapkan atau memakai ujaran yang ","463","afrasia","skor makna 0.733 → entri_id=463"
"234","afrikat","1","","Belanda","gabungan bunyi hambat dan frikatif; bunyi hambat dengan pele","464","afrikat","skor makna 0.733 → entri_id=464"
"235","Afrit","1","","Belanda","setan atau jin yang melakukan pekerjaan dengan tipu daya dan","465","Afrit","skor makna 0.929 → entri_id=465"
"236","Afrit","2","","Arab","setan atau jin yang melakukan pekerjaan dengan tipu daya dan","465","Afrit","skor makna 0.867 → entri_id=465"
"237","afrodisiak","1","","Inggris","zat kimia yang digunakan untuk merangsang daya seksual, sepe","466","afrodisiak","skor makna 0.625 → entri_id=466"
"238","afsun","1","","Persia","pesona","467","afsun","skor makna 1.000 → entri_id=467"
"239","aftab","1","","Persia","matahari (the sun)","468","aftab","skor makna 0.333 → entri_id=468"
"240","afuah","1","","Arab","","470","afuah","skor rendah (0.000) — review manual"
"241","afwah","1","","Arab","tuah (oleh kesucian) (blessing (doubtful entry))","471","afwah","skor makna 0.500 → entri_id=471"
"242","agama","1","","Sanskerta","ajaran, sistem yang mengatur tata keimanan (kepercayaan) dan","486","agama","skor makna 0.950 → entri_id=486"
"243","agamawi","1","","","bersifat agama; religius (religious person)","490","agamawi","skor makna 0.375 → entri_id=490"
"244","agamet","1","","Inggris","sel tunggal yang mampu berkembang biak tanpa perkawinan (aga","493","agamet","skor makna 0.615 → entri_id=493"
"245","agami","1","","Belanda","kelompok manusia yang tidak mempunyai peraturan yang menghar","494","agami","skor makna 0.625 → entri_id=494"
"246","agamis","1","","","(-) (religious (person))","495","agamis","skor rendah (0.000) — review manual"
"247","agamogenesis","1","","Inggris","perkembangbiakan tanpa perkawinan (agamogenesis)","498","agamogenesis","skor makna 0.500 → entri_id=498"
"248","agape","1","","Yunani","perjamuan persaudaraan yang dilangsungkan sesudah ibadat eka","508","agape","skor makna 0.800 → entri_id=508"
"249","agar","1","","Persia","kata penghubung untuk menandai harapan; supaya (in order to)","509","agar","skor makna 0.857 → entri_id=509"
"250","agen","1","","Belanda","orang atau perusahaan perantara yang mengusahakan penjualan ","517","agen","skor makna 0.394 → entri_id=517"
"251","agenda","1","","Belanda","buku catatan yang bertanggal untuk satu tahun (agenda)","518","agenda","skor makna 0.467 → entri_id=518"
"252","agens","1","","Belanda","nomina yang menampilkan perbuatan atau yang menyebabkan atau","519","agens","skor makna 0.667 → entri_id=519"
"253","agensi","1","","Belanda","kantor agen (agency)","520","agensi","skor makna 0.167 → entri_id=520"
"254","agentif","1","","Belanda","bersifat pelaku; sebagai pelaku (agentive)","521","agentif","skor makna 0.429 → entri_id=521"
"255","agitasi","1","","Belanda","hasutan kepada orang banyak (untuk mengadakan huru-hara, pem","528","agitasi","skor makna 0.643 → entri_id=528"
"256","agitatif","1","","Inggris","bersifat agitasi (tentang tulisan, pidato, dsb.); bersifat m","529","agitatif","skor makna 0.700 → entri_id=529"
"257","agitator","1","","Belanda","orang yang melakukan agitasi; penghasut (agitator)","530","agitator","skor makna 0.625 → entri_id=530"
"258","aglikon","1","","Inggris","senyawa organik (seperti fenol atau alkohol) yang bersenyawa","533","aglikon","skor makna 0.545 → entri_id=533"
"259","aglomerasi","1","","Belanda","pengumpulan atau pemusatan dalam lokasi atau kawasan tertent","535","aglomerasi","skor makna 0.219 → entri_id=535"
"260","aglomerat","1","","Belanda","gumpalan batuan yang terdiri atas komponen batu bersudut, ba","536","aglomerat","skor makna 0.656 → entri_id=536"
"261","aglutinasi","1","","Belanda","penggumpalan butir-butir darah merah, bakteri, tepung sari, ","537","aglutinasi","skor makna 0.425 → entri_id=537"
"262","aglutinat","1","","Inggris","lekatan bersama menjadi massa, digunakan sebagai tes untuk m","538","aglutinat","skor makna 0.864 → entri_id=538"
"263","aglutinatif","1","","Inggris","berkaitan dengan aglutinasi (agglutinative)","539","aglutinatif","skor makna 0.500 → entri_id=539"
"264","aglutinin","1","","Inggris","substansi yang dapat menyebabkan penggumpalan bakteri atau s","540","aglutinin","skor makna 0.455 → entri_id=540"
"265","agnosia","1","","Inggris","ketidaksanggupan mengenali benda dan artinya, biasanya diseb","543","agnosia","skor makna 0.824 → entri_id=543"
"266","agnostik","1","","Inggris","orang yang berpandangan bahwa kebenaran tertinggi (misalnya ","544","agnostik","skor makna 0.824 → entri_id=544"
"267","agnostisisme","1","","Belanda","paham yang mempertahankan pendirian bahwa manusia itu kekura","545","agnostisisme","skor makna 0.818 → entri_id=545"
"268","agogo","1","","Prancis","tarian yang diiringi dengan musik pop di kelab malam, diskot","546","agogo","skor makna 0.588 → entri_id=546"
"271","agorafobia","1","","Inggris","fobia terhadap keramaian atau kerumunan (orang) (agoraphobia","555","agorafobia","skor makna 0.667 → entri_id=555"
"272","agradasi","1","","Belanda","proses peninggian tanah karena endapan bahan yang berasal da","557","agradasi","skor makna 0.733 → entri_id=557"
"273","agrafia","1","","Inggris","ketidakmampuan menulis sebagai akibat kerusakan atau luka pa","558","agrafia","skor makna 0.643 → entri_id=558"
"274","agraris","1","","Belanda","mengenai pertanian atau tanah pertanian (agrarian)","562","agraris","skor makna 0.333 → entri_id=562"
"275","agregasi","1","","Belanda","pengumpulan sejumlah benda yang terpisah-pisah menjadi satu ","563","agregasi","skor makna 0.364 → entri_id=563"
"276","agregat","1","","Belanda","hasil proses agregasi (aggregate)","564","agregat","skor makna 0.071 → entri_id=564"
"277","agresi","1","","Belanda","penyerangan suatu negara terhadap negara lain; serangan (agg","566","agresi","skor makna 0.171 → entri_id=566"
"278","agresif","1","","Belanda","bersifat atau bernafsu menyerang (aggressive)","567","agresif","skor makna 0.250 → entri_id=567"
"279","agresivitas","1","","Belanda","keagresifan (aggressiveness)","568","agresivitas","skor makna 0.200 → entri_id=568"
"280","agresor","1","","Belanda","orang atau negara yang menyerang pihak lain; penyerang (aggr","569","agresor","skor makna 0.667 → entri_id=569"
"281","agribisnis","1","","Inggris","","571","agribisnis","skor rendah (0.000) — review manual"
"282","agriologi","1","","Inggris","pengkajian sejarah dan adat istiadat suku primitif (agriolog","573","agriologi","skor makna 0.700 → entri_id=573"
"283","agrisilvikultur","1","","","pertanian rakyat yang dilakukan di areal kehutanan (agrofore","576","agrisilvikultur","skor makna 0.500 → entri_id=576"
"284","agrobis","1","","Inggris","agrobisnis","581","agrobis","skor makna 1.000 → entri_id=581"
"285","agrobisnis","1","","Inggris","usaha yang berhubungan dengan (tanah) pertanian (agribusines","582","agrobisnis","skor makna 0.857 → entri_id=582"
"286","agroekonomi","1","","","hal ihwal ekonomi yang bersangkutan dengan pertanian (econom","583","agroekonomi","skor makna 0.538 → entri_id=583"
"287","agroekosistem","1","","","pertanian yang bersifat hubungan timbal balik antara sekelom","584","agroekosistem","skor makna 0.724 → entri_id=584"
"288","agrogeologi","1","","Belanda","ilmu tentang lapisan muka bumi (tanah dsb.) untuk usaha pert","589","agrogeologi","skor makna 0.667 → entri_id=589"
"289","agroikos","1","","Yunani","pelaku yang berperan sebagai pemain yang menjadi bulan-bulan","590","agroikos","skor makna 0.688 → entri_id=590"
"290","agroindustri","1","","","industri di bidang pertanian (agricultural industry)","591","agroindustri","skor makna 0.375 → entri_id=591"
"291","agrokimia","1","","","bahan kimia untuk pertanian, misalnya insektisida (chemicals","592","agrokimia","skor makna 0.429 → entri_id=592"
"292","agronom","1","","Belanda","pakar agronomi (agronomist)","595","agronom","skor makna 0.333 → entri_id=595"
"293","agronomi","1","","Belanda","cabang ilmu pertanian yang berkenaan dengan teori dan prakti","596","agronomi","skor makna 0.789 → entri_id=596"
"294","agrostologi","1","","Inggris","ilmu tentang jenis rumput, klasifikasi, serta pengelolaan da","602","agrostologi","skor makna 0.750 → entri_id=602"
"295","agrowisata","1","","Sanskerta","wisata yang sasarannya pertanian (perkebunan, kehutanan, dsb","605","agrowisata","skor makna 0.636 → entri_id=605"
"296","agus","1","","Belanda","kata sapaan kepada anak laki-laki","611","agus","skor makna 0.625 → entri_id=611"
"297","Agustus","1","","Belanda","bulan ke-8 tarikh Masehi (31 hari) (August)","612","Agustus","skor makna 0.500 → entri_id=612"
"298","ah","1","","Arab","kata seru yang menyatakan perasaan kecewa, menyesal, keheran","615","ah","skor makna 0.909 → entri_id=615"
"299","Ahad","1","","Arab","hari pertama dalam jangka waktu satu minggu; Minggu (Sunday)","617","Ahad","skor makna 0.538 → entri_id=617"
"300","Ahad","2","","Arab","hari pertama dalam jangka waktu satu minggu; Minggu (a Trad.","617","Ahad","skor makna 0.412 → entri_id=617"
"301","Ahad","3","","Arab","hari pertama dalam jangka waktu satu minggu; Minggu (somebod","617","Ahad","skor makna 0.500 → entri_id=617"
"302","ahadiat","1","","","keesaan (tentang Tuhan)","618","ahadiat","skor makna 0.750 → entri_id=618"
"303","ahimsa","1","","Sanskerta","ajaran agama Hindu dan Buddha untuk tidak menyakiti makhluk ","620","ahimsa","skor makna 0.619 → entri_id=620"
"304","ahistoris","1","","Belanda","berlawanan dengan sejarah (ahistorical)","621","ahistoris","skor makna 0.750 → entri_id=621"
"305","ahkam","1","","Arab","hukum; undang-undang (laws)","622","ahkam","skor makna 0.667 → entri_id=622"
"307","ahlulbait","1","","Arab","ahli bait (household (of the Prophet))","626","ahlulbait","skor makna 0.200 → entri_id=626"
"308","ahlulkitab","1","","Arab","ahli kitab (possessors of Scripture (i.e. Jews and Christian","627","ahlulkitab","skor makna 0.286 → entri_id=627"
"309","ahlulkubur","1","","Arab","ahli kubur (denizens of the graves, the dead)","628","ahlulkubur","skor makna 0.333 → entri_id=628"
"310","ahlunujum","1","","Arab","ahli nujum (astrologers)","629","ahlunujum","skor makna 0.667 → entri_id=629"
"311","ahlusuluk","1","","Arab","ahli suluk (mystics)","630","ahlusuluk","skor makna 0.667 → entri_id=630"
"312","ahmak","1","","Arab","bodoh; kurang pikir (dull-witted)","632","ahmak","skor makna 0.600 → entri_id=632"
"313","ahmar","1","","Arab","merah (red)","633","ahmar","skor makna 0.500 → entri_id=633"
"314","ahwal","1","","","keadaan","636","ahwal","skor makna 1.000 → entri_id=636"
"315","aib","1","","Arab","malu (shame, disgrace; flaw)","639","aib","skor makna 0.125 → entri_id=639"
"318","aja","1","","Sanskerta","sebutan putri bangsawan (Deli)","661","aja","skor makna 1.000 → entri_id=661"
"322","ajal","1","","Arab","batas hidup yang telah ditentukan Tuhan, saat mati, janji ak","671","ajal","skor makna 0.833 → entri_id=671"
"323","ajektiva","1","","Belanda","","676","ajektiva","skor rendah (0.000) — review manual"
"324","ajir","1","","Arab","sepotong kayu dsb. yang ditancapkan di tanah untuk merambatk","686","ajir","skor makna 0.818 → entri_id=686"
"325","ajnabi","1","","Arab","orang asing (not ‘muhrim’ (so that marriage is not forbidden","688","ajnabi","skor makna 0.100 → entri_id=688"
"326","ajnas","1","","Arab","jenis; rupa; macam (kinds)","689","ajnas","skor makna 0.750 → entri_id=689"
"327","ajudan","1","","Belanda","perwira yang diperbantukan kepada raja, presiden, atau perwi","694","ajudan","skor makna 0.818 → entri_id=694"
"328","ajufan","1","","Inggris","(-) (adjuvant)","695","ajufan","skor rendah (0.000) — review manual"
"331","ajuster","1","","Inggris","(-) (adjuster (insurance))","706","ajuster","skor rendah (0.000) — review manual"
"333","akademi","1","","Belanda","lembaga pendidikan tinggi, kurang lebih 3 tahun lamanya, yan","709","akademi","skor makna 0.407 → entri_id=709"
"335","akademik","1","","Inggris","akademis (academic)","711","akademik","skor makna 0.500 → entri_id=711"
"336","akademikus","1","","Belanda","orang yang berpendidikan tinggi (university man)","712","akademikus","skor makna 0.364 → entri_id=712"
"337","akademis","1","","Belanda","mengenai (berhubungan dengan) akademi (academic)","713","akademis","skor makna 0.267 → entri_id=713"
"338","akademisi","1","","Belanda","orang yang berpendidikan tinggi (college or university alumn","714","akademisi","skor makna 0.333 → entri_id=714"
"339","akaid","1","","Arab","kepercayaan agama yang telah pasti dan tidak boleh dipersoal","715","akaid","skor makna 0.917 → entri_id=715"
"340","akak","1","","Tamil","kakak (elder sister)","716","akak","skor makna 0.125 → entri_id=716"
"341","akal","1","","Arab","daya pikir (untuk memahami sesuatu dsb.); pikiran; ingatan (","717","akal","skor makna 0.364 → entri_id=717"
"342","akapela","1","","Italia","paduan suara tanpa iringan alat musik yang lazim dilakukan d","722","akapela","skor makna 0.917 → entri_id=722"
"344","akasa","1","","Sanskerta","","734","akasa","skor rendah (0.000) — review manual"
"345","akasia","1","","Belanda","pohon, tinggi hingga 20 m, bunganya berwarna kuning atau put","735","akasia","skor makna 0.857 → entri_id=735"
"346","akatalepsia","1","","Inggris","keterbatasan daya penangkapan; kedunguan (acatalepsia)","737","akatalepsia","skor makna 0.571 → entri_id=737"
"347","akbar","1","","Arab","besar (great)","738","akbar","skor makna 0.500 → entri_id=738"
"348","akekah","1","","Arab","","740","akekah","skor rendah (0.000) — review manual"
"349","akene","1","","Inggris","buah kering yang hanya berbiji satu, setelah matang kulit bu","741","akene","skor makna 0.789 → entri_id=741"
"350","akhbar","1","","Arab","kabar; berita (news, newspaper)","743","akhbar","skor makna 0.333 → entri_id=743"
"351","akhir","1","","Arab","belakang; yang belakang sekali; kemudian (last)","744","akhir","skor makna 0.571 → entri_id=744"
"352","akhirat","1","","Arab","alam setelah kehidupan di dunia; alam baka (next world)","745","akhirat","skor makna 0.714 → entri_id=745"
"353","akhirusanah","1","","Arab","akhir tahun (end of year)","747","akhirusanah","skor makna 0.500 → entri_id=747"
"354","akhlak","1","","Arab","budi pekerti; kelakuan (morals)","748","akhlak","skor makna 0.750 → entri_id=748"
"355","akhlas","1","","Arab","","750","akhlas","skor rendah (0.000) — review manual"
"356","akhtaj","1","","Persia","orang yang takluk (vassal)","751","akhtaj","skor makna 0.750 → entri_id=751"
"357","akhwan","1","","Arab","","752","akhwan","skor rendah (0.000) — review manual"
"359","akibat","1","","Arab","sesuatu yang merupakan akhir atau hasil suatu peristiwa (pem","756","akibat","skor makna 0.929 → entri_id=756"
"360","akidah","1","","Arab","kepercayaan dasar; keyakinan pokok (belief)","757","akidah","skor makna 0.800 → entri_id=757"
"361","akik","1","","Arab","batu berwarna yang dijadikan permata cincin dsb. (agate)","758","akik","skor makna 0.438 → entri_id=758"
"362","akikah","1","","Arab","penyembelihan ternak (seperti kambing atau lembu) sebagai pe","759","akikah","skor makna 0.594 → entri_id=759"
"363","akil","1","","Arab","berakal; cerdik; pandai (sharp witted)","760","akil","skor makna 0.600 → entri_id=760"
"364","aklamasi","1","","Belanda","pernyataan setuju secara lisan dari seluruh peserta rapat ds","767","aklamasi","skor makna 0.800 → entri_id=767"
"365","akli","1","","Arab","bersifat akal; berhubungan dengan akal (reasonable)","769","akli","skor makna 0.800 → entri_id=769"
"366","akliah","1","","Arab","masuk akal (mentality)","770","akliah","skor makna 0.667 → entri_id=770"
"367","aklimatisasi","1","","Belanda","penyesuaian (diri) dengan iklim, lingkungan, kondisi, atau s","772","aklimatisasi","skor makna 0.250 → entri_id=772"
"368","akmal","1","","Arab","amat sempurna; mahasempurna (most perfect)","773","akmal","skor makna 0.600 → entri_id=773"
"369","akolade","1","","Belanda","tanda kurung besar; kurung kurawal (curly brace)","775","akolade","skor makna 0.444 → entri_id=775"
"370","akomodasi","1","","Belanda","sesuatu yang disediakan untuk memenuhi kebutuhan, misalnya t","777","akomodasi","skor makna 0.326 → entri_id=777"
"371","akomodatif","1","","Inggris","bersifat dapat menyesuaikan diri (acommodative)","778","akomodatif","skor makna 0.800 → entri_id=778"
"374","akordeon","1","","Belanda","alat musik yang dapat dilipat yang dilengkapi dengan bilah g","785","akordeon","skor makna 0.810 → entri_id=785"
"377","akreditasi","1","","Inggris","penga terhadap lembaga pendidikan yang diberikan oleh badan ","788","akreditasi","skor makna 0.559 → entri_id=788"
"378","akriflavina","1","","Latin","hablur cokelat pembasmi kuman dan pencegah infeksi (acriflav","790","akriflavina","skor makna 0.636 → entri_id=790"
"379","akrilat","1","","Belanda","ester atau garam yang mengandung gugus CH₂=CHCOO atau ion CH","791","akrilat","skor makna 0.667 → entri_id=791"
"380","akrilik","1","","Inggris","berkaitan dengan atau terbuat dari polimer ester poliakrilat","792","akrilik","skor makna 0.444 → entri_id=792"
"381","akrobat","1","","Belanda","kemahiran dalam melakukan berbagai ketangkasan (seperti berj","795","akrobat","skor makna 0.762 → entri_id=795"
"382","akrobatik","1","","Belanda","pertunjukan atau peragaan yang dilakukan seorang pemain akro","796","akrobatik","skor makna 0.533 → entri_id=796"
"383","akrofobia","1","","Yunani","fobia berada di tempat yang tinggi (acrophobia (fear of heig","800","akrofobia","skor makna 0.385 → entri_id=800"
"384","akromegali","1","","Belanda","penyakit yang ditandai dengan membesarnya ujung anggota bada","807","akromegali","skor makna 0.778 → entri_id=807"
"385","akrometer","1","","Inggris","alat untuk mengukur kerapatan minyak (acrometer)","808","akrometer","skor makna 0.625 → entri_id=808"
"386","akromion","1","","Inggris","tulang pada bahu yang dibentuk oleh tonjolan lateral dari tu","809","akromion","skor makna 0.769 → entri_id=809"
"387","akronim","1","","Belanda","kependekan yang berupa gabungan huruf atau suku kata atau ba","810","akronim","skor makna 0.867 → entri_id=810"
"388","aksa","1","","Arab","jauh (distant)","820","aksa","skor makna 0.500 → entri_id=820"
"389","aksara","1","","Sanskerta","sistem tanda grafis yang digunakan manusia untuk berkomunika","821","aksara","skor makna 0.619 → entri_id=821"
"390","akseleran","1","","Inggris","zat yang digunakan untuk mempercepat suatu proses (acceleran","824","akseleran","skor makna 0.700 → entri_id=824"
"391","akselerasi","1","","Belanda","proses mempercepat (acceleration)","825","akselerasi","skor makna 0.182 → entri_id=825"
"392","akselerator","1","","Belanda","sesuatu (sarana) yang dapat menambah kecepatan (accelerator)","827","akselerator","skor makna 0.429 → entri_id=827"
"393","akselerometer","1","","Inggris","alat untuk mengukur percepatan (accelerometer)","829","akselerometer","skor makna 0.800 → entri_id=829"
"394","aksen","1","","Belanda","tekanan suara pada kata atau suku kata (accent)","830","aksen","skor makna 0.286 → entri_id=830"
"395","aksentologi","1","","Inggris","telaah sistematis tentang tekanan (accentology)","832","aksentologi","skor makna 0.800 → entri_id=832"
"396","aksentuasi","1","","Belanda","pemberian tekanan suara pada suku kata atau kata (accentuati","833","aksentuasi","skor makna 0.333 → entri_id=833"
"397","aksep","1","","Belanda","surat pengakuan utang (bill of payment)","834","aksep","skor makna 0.333 → entri_id=834"
"398","akseptabel","1","","Belanda","dapat atau pantas diterima; berterima (acceptable)","835","akseptabel","skor makna 0.455 → entri_id=835"
"399","akseptabilitas","1","","Inggris","hal dapat masuk (acceptability)","836","akseptabilitas","skor makna 0.375 → entri_id=836"
"402","akseptasi","1","","Belanda","penerimaan; pembenaran (acceptance)","837","akseptasi","skor makna 0.125 → entri_id=837"
"403","akseptor","1","","Inggris","orang yang menerima serta mengikuti (pelaksanaan) program ke","838","akseptor","skor makna 0.225 → entri_id=838"
"405","aksesibilitas","1","","Inggris","hal dapat dijadikan akses; hal dapat dikaitkan; keterkaitan ","842","aksesibilitas","skor makna 0.600 → entri_id=842"
"406","aksesori","1","","Inggris","barang tambahan; alat ekstra (accessory)","843","aksesori","skor makna 0.200 → entri_id=843"
"407","aksi","1","","Belanda","gerakan (action; pretence)","844","aksi","skor makna 0.053 → entri_id=844"
"408","aksila","1","","Inggris","sudut antara tangkai daun dan batang tempat tunas tumbuh; ke","846","aksila","skor makna 0.769 → entri_id=846"
"409","aksiologi","1","","Inggris","kegunaan ilmu pengetahuan bagi kehidupan manusia (theory of ","847","aksiologi","skor makna 0.375 → entri_id=847"
"410","aksioma","1","","Belanda","pernyataan yang dapat diterima sebagai kebenaran tanpa pembu","848","aksioma","skor makna 0.667 → entri_id=848"
"411","aksiomatis","1","","Belanda","dapat diterima sebagai kebenaran tanpa pembuktian; bersifat ","849","aksiomatis","skor makna 0.667 → entri_id=849"
"412","aksis","1","","Inggris","poros (axis)","850","aksis","skor makna 0.250 → entri_id=850"
"413","akson","1","","Belanda","tonjolan serat saraf yang dimulai pada sel saraf (axon)","851","akson","skor makna 0.389 → entri_id=851"
"414","aksostil","1","","Inggris","filamen penunjang, membujur di tengah-tengah tubuh, terdapat","853","aksostil","skor makna 0.909 → entri_id=853"
"415","akta","1","","Belanda","surat tanda bukti berisi pernyataan (keterangan, pengakuan, ","854","akta","skor makna 0.821 → entri_id=854"
"416","akte","1","","Belanda","","855","akte","skor rendah (0.000) — review manual"
"417","aktentas","1","","Belanda","tas tempat menyimpan surat-surat penting (brief case)","856","aktentas","skor makna 0.714 → entri_id=856"
"418","aktif","1","","Belanda","giat (bekerja, berusaha) (active)","857","aktif","skor makna 0.094 → entri_id=857"
"419","aktinida","1","","Inggris","kelompok unsur berat radioaktif, mulai dari aktinium ke atas","859","aktinida","skor makna 0.727 → entri_id=859"
"420","aktinik","1","","Inggris","dihasilkan oleh kerja kimiawi cahaya matahari atau sinar ult","860","aktinik","skor makna 0.786 → entri_id=860"
"421","aktinisme","1","","Inggris","radians terhadap perubahan kimia yang diakibatkan oleh radia","861","aktinisme","skor makna 0.727 → entri_id=861"
"422","aktinium","1","","Belanda","unsur logam radioaktif berderajat tiga, menyerupai lantanum ","862","aktinium","skor makna 0.875 → entri_id=862"
"423","aktinokimia","1","","","cabang ilmu kimia tentang perubahan kimia oleh cahaya mataha","867","aktinokimia","skor makna 0.625 → entri_id=867"
"424","aktinolit","1","","Belanda","varietas mineral hornblenda (actinolite)","868","aktinolit","skor makna 0.429 → entri_id=868"
"425","aktinometer","1","","Belanda","alat untuk mengukur intensitas radiasi, khususnya radiasi ma","869","aktinometer","skor makna 0.875 → entri_id=869"
"426","aktip","1","","Belanda","","875","aktip","skor rendah (0.000) — review manual"
"427","aktiva","1","","Belanda","(harta) kekayaan, baik yang berupa uang maupun benda lain ya","876","aktiva","skor makna 0.952 → entri_id=876"
"428","aktivis","1","","Belanda","orang (terutama anggota organisasi politik, sosial, buruh, p","878","aktivis","skor makna 0.815 → entri_id=878"
"429","aktivisme","1","","Belanda","kegiatan (para) aktivis (activism)","879","aktivisme","skor makna 0.111 → entri_id=879"
"430","aktivitas","1","","Belanda","keaktifan; kegiatan (business)","880","aktivitas","skor makna 0.118 → entri_id=880"
"431","aktor","1","","Belanda","pria yang berperan sebagai pelaku dalam pementasan cerita, d","884","aktor","skor makna 0.600 → entri_id=884"
"432","aktris","1","","Belanda","wanita yang berperan sebagai pelaku dalam pementasan cerita ","885","aktris","skor makna 0.789 → entri_id=885"
"433","aktual","1","","Belanda","betul-betul ada (terjadi); sesungguhnya (topical; actual)","886","aktual","skor makna 0.182 → entri_id=886"
"434","aktualisasi","1","","Inggris","perihal mengaktualkan; pengaktualan (making topical)","887","aktualisasi","skor makna 0.375 → entri_id=887"
"435","aktuaris","1","","Belanda","ahli matematika dalam perusahaan asuransi yang menghitung-hi","889","aktuaris","skor makna 0.765 → entri_id=889"
"436","akua","1","","Latin","akuadestilata (distilled water)","892","akua","skor makna 0.333 → entri_id=892"
"437","akuades","1","","Latin","akuadestilata (distilled water)","893","akuades","skor makna 0.143 → entri_id=893"
"438","akuaduk","1","","Belanda","saluran air buatan (aquaduct)","895","akuaduk","skor makna 0.500 → entri_id=895"
"439","akuakultur","1","","Belanda","pembudidayaan air sehingga menghasilkan (ikan dsb.) (fish br","897","akuakultur","skor makna 0.375 → entri_id=897"
"440","akualung","1","","Inggris","alat bantu pernapasan untuk menyelam, ditaruh di atas punggu","898","akualung","skor makna 0.750 → entri_id=898"
"441","akuamarin","1","","Belanda","beril bening yang hijau kebiruan (aquamarine)","899","akuamarin","skor makna 0.500 → entri_id=899"
"442","akuarel","1","","Belanda","gambar yang biasanya dibuat dengan cat air transparan (aquar","901","akuarel","skor makna 0.667 → entri_id=901"
"443","akuaris","1","","Belanda","orang yang memelihara akuarium (aquarist)","902","akuaris","skor makna 0.500 → entri_id=902"
"444","akuarium","1","","Belanda","bak kaca (biasanya diberi tanaman air dsb.) tempat memelihar","903","akuarium","skor makna 0.786 → entri_id=903"
"445","akuatik","1","","Inggris","bertalian dengan air (aquatic)","906","akuatik","skor makna 0.500 → entri_id=906"
"446","akuifer","1","","Inggris","lapisan kulit bumi berpori yang dapat menahan air dan terlet","910","akuifer","skor makna 0.813 → entri_id=910"
"447","akuisisi","1","","Belanda","perolehan; pemerolehan (acquisition)","911","akuisisi","skor makna 0.069 → entri_id=911"
"448","akulturasi","1","","Belanda","percampuran dua kebudayaan atau lebih yang saling bertemu da","914","akulturasi","skor makna 0.250 → entri_id=914"
"449","akumulasi","1","","Belanda","pengumpulan; penimbunan; penghimpunan (accumulation)","915","akumulasi","skor makna 0.150 → entri_id=915"
"450","akumulatif","1","","Belanda","berkenaan dengan sesuatu yang terkumpul, tertimbun, terhimpu","916","akumulatif","skor makna 0.636 → entri_id=916"
"451","akumulator","1","","Belanda","alat untuk menyimpan energi listrik sehingga dapat digunakan","917","akumulator","skor makna 0.824 → entri_id=917"
"452","akun","1","","Inggris","kumpulan catatan transaksi keuangan; buku (account)","918","akun","skor makna 0.192 → entri_id=918"
"453","akuntan","1","","Belanda","ahli akuntansi yang bertugas menyusun, membimbing, mengawasi","921","akuntan","skor makna 0.692 → entri_id=921"
"454","akuntansi","1","","Inggris","teori dan praktik perakunan, termasuk tanggung jawab, prinsi","922","akuntansi","skor makna 0.433 → entri_id=922"
"455","akupunktur","1","","Belanda","pengobatan atau pemeriksaan orang sakit dengan tusuk jarum (","925","akupunktur","skor makna 0.909 → entri_id=925"
"456","akupunkturis","1","","","ahli pengobatan tusuk jarum (acupuncturist)","926","akupunkturis","skor makna 0.500 → entri_id=926"
"457","akur","1","","Belanda","mufakat; setuju; seia sekata; bersatu hati (to agree)","927","akur","skor makna 0.429 → entri_id=927"
"458","akurasi","1","","Inggris","kecermatan; ketelitian; ketepatan (accuracy)","928","akurasi","skor makna 0.500 → entri_id=928"
"459","akurat","1","","Belanda","teliti; saksama; cermat; tepat benar (accurate)","929","akurat","skor makna 0.556 → entri_id=929"
"460","akusatif","1","","Belanda","kasus yang menunjukkan fungsi sebagai objek langsung atau ob","931","akusatif","skor makna 0.688 → entri_id=931"
"461","akustik","1","","Belanda","mengenai atau berhubungan dengan organ pendengar, suara, ata","932","akustik","skor makna 0.300 → entri_id=932"
"462","akustika","1","","Yunani","cabang ilmu fisika yang menyelidiki penghasilan, pengendalia","933","akustika","skor makna 0.750 → entri_id=933"
"463","akut","1","","Belanda","timbul secara mendadak dan cepat memburuk (tentang penyakit)","934","akut","skor makna 0.348 → entri_id=934"
"464","akwal","1","","Arab","pembicaraan (words)","936","akwal","skor makna 0.500 → entri_id=936"
"465","al","1","","Arab","kata penentu, misalnya dalam kata *Alkitab* (Laut Muhit, the","937","al","skor makna 0.417 → entri_id=937"
"466","al","1","","Arab","kata penentu, misalnya dalam kata *Alkitab* (the (in Arab ph","937","al","skor makna 0.625 → entri_id=937"
"470","alabangka","1","","Portugis","linggis; perejang (lever)","942","alabangka","skor makna 0.667 → entri_id=942"
"471","alaf","1","","Arab","seribu (thousand, millenium)","944","alaf","skor makna 0.167 → entri_id=944"
"472","alaika salam","1","","Arab","semoga kedamaian menyertai Anda (may peace be upon you)","951","alaika salam","skor makna 0.500 → entri_id=951"
"473","alaikum salam","1","","Arab","semoga kedamaian menyertai Anda semua (sekalian) (may peace ","952","alaikum salam","skor makna 0.600 → entri_id=952"
"474","alalia","1","","Belanda","ketidakmampuan untuk berbicara karena kelainan atau kerusaka","955","alalia","skor makna 0.737 → entri_id=955"
"478","alamah","1","","Arab","orang yang sangat pandai (berilmu) (most erudite)","959","alamah","skor makna 0.714 → entri_id=959"
"479","alamas","1","","","intan","962","alamas","skor makna 1.000 → entri_id=962"
"480","alamat","1","","Arab","tanda; pertanda (tanda akan terjadi sesuatu) (sign)","963","alamat","skor makna 0.227 → entri_id=963"
"481","alamatulhayat","1","","Arab","tanda hidup (berupa surat, pemberian, dsb.) (sign of life)","964","alamatulhayat","skor makna 0.750 → entri_id=964"
"482","alami","1","","Arab","bersangkutan dengan alam; bersifat alam; wajar (natural)","965","alami","skor makna 0.833 → entri_id=965"
"483","alamiah","1","","Arab","alami (natural)","966","alamiah","skor makna 0.500 → entri_id=966"
"484","alamin","1","","Arab","alam semesta (the universe)","967","alamin","skor makna 0.500 → entri_id=967"
"485","alangkah","1","","Sanskerta","kata afektif penanda rasa heran, kagum, dsb.; betapa (alangk","975","alangkah","skor makna 0.727 → entri_id=975"
"486","alarm","1","","Belanda","tanda bahaya berupa sinyal, bunyi, sinar, dsb. (alarm)","985","alarm","skor makna 0.350 → entri_id=985"
"488","alawar","1","","Arab","setan yang tugasnya menyebarkan zina dan perbuatan mesum seh","995","alawar","skor makna 0.722 → entri_id=995"
"489","alazon","1","","Yunani","pelaku yang berperan sebagai pembual, pembohong, dsb. (playe","996","alazon","skor makna 0.467 → entri_id=996"
"490","albas","1","","Belanda","batu pualam yang berwarna putih (alabaster)","999","albas","skor makna 0.500 → entri_id=999"
"491","Albasit","1","","Arab","Yang Mahamurah (Allah) (The Bountiful (God))","1000","Albasit","skor makna 0.500 → entri_id=1000"
"492","albatros","1","","Inggris","burung laut yang bersayap panjang, termasuk dalam suku *Diom","1001","albatros","skor makna 0.964 → entri_id=1001"
"493","albedo","1","","Belanda","fraksi (bagian) pantulan cahaya yang datang ke suatu permuka","1002","albedo","skor makna 0.444 → entri_id=1002"
"494","albinisme","1","","Belanda","kondisi genetis yang tidak sempurna yang menyebabkan organis","1005","albinisme","skor makna 0.833 → entri_id=1005"
"495","albino","1","","Belanda","organisme (makhluk hidup, terutama manusia dan binatang) yan","1006","albino","skor makna 0.889 → entri_id=1006"
"496","albinoid","1","","Inggris","mirip bulai (similar to albinos)","1007","albinoid","skor makna 0.077 → entri_id=1007"
"497","albit","1","","Belanda","felspar putih (albite)","1008","albit","skor makna 0.333 → entri_id=1008"
"498","albuginea","1","","Inggris","zat serat putih dari bola mata dan organ lain (albuginea)","1009","albuginea","skor makna 0.900 → entri_id=1009"
"499","album","1","","Belanda","buku tempat menyimpan kumpulan foto (potret), prangko, dsb. ","1010","album","skor makna 0.400 → entri_id=1010"
"500","albumen","1","","Inggris","zat cair putih dari telur segar, terutama terdiri atas album","1011","albumen","skor makna 0.667 → entri_id=1011"
"501","albumin","1","","Belanda","protein yang larut di dalam air, mengendap pada pemanasan, t","1013","albumin","skor makna 0.846 → entri_id=1013"
"502","albuminoid","1","","Inggris","zat yang menyerupai albumin, tetapi tidak larut (albuminoid)","1015","albuminoid","skor makna 0.350 → entri_id=1015"
"503","aldehida","1","","Belanda","senyawa organik yang dicirikan oleh gugus karbonil takjenuh ","1020","aldehida","skor makna 0.611 → entri_id=1020"
"504","alegori","1","","Belanda","cerita yang dipakai sebagai lambang (ibarat atau kias) perik","1026","alegori","skor makna 0.839 → entri_id=1026"
"505","alegoris","1","","Belanda","bersifat kiasan (perlambangan, ibarat) (allegoric)","1027","alegoris","skor makna 0.800 → entri_id=1027"
"506","alegro","1","","Italia","cepat (tentang irama); lebih cepat daripada alegreto, tetapi","1029","alegro","skor makna 0.909 → entri_id=1029"
"507","aleksandrit","1","","Inggris","batuan krisoberil berwarna kehijauan yang tampak berubah men","1030","aleksandrit","skor makna 0.667 → entri_id=1030"
"508","aleksia","1","","Inggris","hilangnya kesanggupan membaca kata-kata tertulis atau tercet","1031","aleksia","skor makna 0.583 → entri_id=1031"
"509","aleksin","1","","Inggris","zat protein dalam serum darah yang membentuk bakteri (alexin","1032","aleksin","skor makna 0.727 → entri_id=1032"
"510","alel","1","","Belanda","gen yang terletak dalam suatu tempat (anggota badan) dan men","1034","alel","skor makna 0.706 → entri_id=1034"
"511","alergi","1","","Belanda","perubahan reaksi tubuh terhadap kuman-kuman penyakit (allerg","1044","alergi","skor makna 0.200 → entri_id=1044"
"512","alergis","1","","Belanda","berkenaan dengan alergi; peka terhadap sesuatu sehingga timb","1045","alergis","skor makna 0.933 → entri_id=1045"
"513","alf","1","","Arab","seribu","1051","alf","skor makna 1.000 → entri_id=1051"
"515","alfabet","1","","Belanda","abjad (alphabet)","1054","alfabet","skor makna 0.167 → entri_id=1054"
"516","alfabetis","1","","Belanda","(tersusun) menurut abjad (alphabetic)","1055","alfabetis","skor makna 0.750 → entri_id=1055"
"517","alferes","1","","Portugis","calon opsir; alperes","1059","alferes","skor makna 0.500 → entri_id=1059"
"518","alga","1","","Belanda","tumbuhan berklorofil, berukuran dari beberapa mikron sampai ","1060","alga","skor makna 0.783 → entri_id=1060"
"519","algoid","1","","Inggris","mirip alga (algoid)","1067","algoid","skor makna 0.400 → entri_id=1067"
"520","algojo","1","","Portugis","orang yang melaksanakan hukuman mati (executioner)","1068","algojo","skor makna 0.455 → entri_id=1068"
"521","algologi","1","","Inggris","ilmu yang mendalami seluk-beluk kehidupan ganggang; fikologi","1069","algologi","skor makna 0.727 → entri_id=1069"
"522","algometer","1","","Inggris","alat untuk mengukur kepekaan terhadap rasa nyeri (algometer)","1070","algometer","skor makna 0.875 → entri_id=1070"
"523","algoritma","1","","Belanda","","1071","algoritma","skor rendah (0.000) — review manual"
"524","algoritme","1","","Belanda","prosedur sistematis untuk memecahkan masalah matematis dalam","1072","algoritme","skor makna 0.500 → entri_id=1072"
"525","algrafi","1","","Belanda","proses cetak-mencetak dengan menggunakan lempeng aluminium (","1073","algrafi","skor makna 0.500 → entri_id=1073"
"526","alhamdulillah","1","","Arab","ungkapan untuk menyatakan rasa syukur karena menerima karuni","1074","alhamdulillah","skor makna 0.433 → entri_id=1074"
"527","alhasil","1","","Arab","kata penghubung antarkalimat untuk menandai kesimpulan; hasi","1075","alhasil","skor makna 0.875 → entri_id=1075"
"528","aliah","1","","Arab","tingkat pendidikan menengah atas di bawah koordinasi Departe","1078","aliah","skor makna 0.667 → entri_id=1078"
"529","aliah","2","","","tingkat pendidikan menengah atas di bawah koordinasi Departe","1078","aliah","skor makna 0.889 → entri_id=1078"
"530","aliansi","1","","Belanda","ikatan antara dua negara atau lebih dengan tujuan politik (a","1080","aliansi","skor makna 0.692 → entri_id=1080"
"531","alias","1","","Belanda","disebut juga; sama dengan (digunakan pada nama) (alias)","1081","alias","skor makna 0.636 → entri_id=1081"
"532","aliase","1","","Belanda","campuran logam yang terbentuk karena pelelehan bersama kompo","1082","aliase","skor makna 0.818 → entri_id=1082"
"533","alibi","1","","Belanda","bukti bahwa seseorang ada di tempat lain ketika peristiwa pi","1083","alibi","skor makna 0.813 → entri_id=1083"
"534","alienasi","1","","Belanda","keadaan merasa terasing (terisolasi) (alienation)","1084","alienasi","skor makna 0.167 → entri_id=1084"
"535","alif","1","","Arab","nama huruf pertama abjad Arab (the first letter in the Arab ","1085","alif","skor makna 0.417 → entri_id=1085"
"536","alif","2","","Arab","nama huruf pertama abjad Arab (friend)","1085","alif","skor makna 0.833 → entri_id=1085"
"537","alifatik","1","","Inggris","sifat senyawa yang mempunyai susunan atom karbon dalam ranta","1086","alifatik","skor makna 0.813 → entri_id=1086"
"538","alikuot","1","","Inggris","bagian dari keseluruhan (aliquot)","1096","alikuot","skor makna 0.250 → entri_id=1096"
"540","alimentasi","1","","Belanda","pemeliharaan; pemberian makan (alimentation)","1101","alimentasi","skor makna 0.429 → entri_id=1101"
"541","alimenter","1","","Inggris","alat yang berkenaan dengan makanan atau gizi (alimentary)","1102","alimenter","skor makna 0.875 → entri_id=1102"
"542","alimiah","1","","Arab","(masa, zaman) pengetahuan ((time of) knowledge, after Isl. w","1103","alimiah","skor makna 0.333 → entri_id=1103"
"543","alimiat","1","","Arab","kesarjanaan (scholarliness)","1104","alimiat","skor makna 0.091 → entri_id=1104"
"544","alinea","1","","Belanda","bagian wacana yang mengungkapkan satu pikiran yang lengkap a","1107","alinea","skor makna 0.840 → entri_id=1107"
"546","alisiklik","1","","Inggris","mempunyai susunan atom karbon dalam lingkar tertutup, tetapi","1117","alisiklik","skor makna 0.813 → entri_id=1117"
"547","aliterasi","1","","Belanda","sajak awal (untuk mendapatkan efek kesedapan bunyi) (alliter","1121","aliterasi","skor makna 0.412 → entri_id=1121"
"548","aliyah","1","","Arab","","1123","aliyah","skor rendah (0.000) — review manual"
"549","alizarin","1","","Belanda","senyawa yang terdiri atas kristal berwarna kuning kemerah-me","1124","alizarin","skor makna 0.643 → entri_id=1124"
"550","aljabar","1","","Arab","cabang matematika yang menggunakan tanda-tanda dan huruf-hur","1125","aljabar","skor makna 0.864 → entri_id=1125"
"551","aljabar","1","","Arab","cabang matematika yang menggunakan tanda-tanda dan huruf-hur","1125","aljabar","skor makna 0.950 → entri_id=1125"